/* 	
	Customer Orders Project
	Name: Corey Jordan-Zamora
	[Had to organize customer data in an Excel Spreadsheet, then create these database objects to easily view and access customer order details and any specific queries (as seen at the end of this file)]
*/

--CREATE SCHEMA FP;

/*
	Place DROP comamnds after this comment
	e.g. DROP TABLE
*/
DROP TABLE IF EXISTS FP.CJZ_CUSTOMERS;
DROP TABLE IF EXISTS FP.CJZ_ORDERS;
DROP TABLE IF EXISTS FP.CJZ_ORDER_LINE_ITEMS;
DROP TABLE IF EXISTS FP.CJZ_PRODUCT_INFO;
DROP TABLE IF EXISTS FP.CJZ_SUPPLIER_INFORMATION;

/*
	CREATE comamnds
*/
CREATE TABLE FP.CJZ_CUSTOMERS (
	ID VARCHAR(15) NOT NULL,
	FIRST_NAME VARCHAR(30) NOT NULL,
	LAST_NAME VARCHAR(50) NOT NULL,
	CITY VARCHAR(40) NOT NULL,
	COUNTRY VARCHAR(30) NOT NULL,
	POSTAL_CODE VARCHAR(30) NOT NULL,
);

CREATE TABLE FP.CJZ_ORDERS (
	ORDER_NUMBER VARCHAR(15) NOT NULL,
	ORDER_DATE VARCHAR(10) NOT NULL,
	TOTAL_AMOUNT DECIMAL(8,2) NOT NULL,
	CUSTOMER_ID VARCHAR(15) NOT NULL,
);

CREATE TABLE FP.CJZ_ORDER_LINE_ITEMS (
	ID VARCHAR(15) NOT NULL,
	QTY VARCHAR(4) NOT NULL,
	SALE_PRICE DECIMAL(6,2) NOT NULL,
	ORDER_NUMBER VARCHAR(15) NOT NULL,
	PRODUCT_ID VARCHAR(15) NOT NULL,
);

CREATE TABLE FP.CJZ_PRODUCT_INFO (
	ID VARCHAR(15) NOT NULL,
	ITEM_SOLD VARCHAR(60) NOT NULL,
	RETAIL_PRICE DECIMAL(5,2) NOT NULL,
	PACKAGING VARCHAR(40) NOT NULL,
	IS_DISCONTINUED CHAR(1) NOT NULL,
	SUPPLIER_ID VARCHAR(15) NOT NULL, -- Added through FK_PROD creation
);

CREATE TABLE FP.CJZ_SUPPLIER_INFORMATION (
	ID VARCHAR(15) NOT NULL,
	COMPANY_NAME VARCHAR(60) NOT NULL,
	CONTACT_NAME VARCHAR(50) NOT NULL,
	TITLE VARCHAR(30) NULL,
	COMPANY_CITY VARCHAR(40) NOT NULL,
	COMPANY_COUNTRY VARCHAR(30) NOT NULL,
	PHONE VARCHAR(30) NOT NULL,
	FAX VARCHAR(30) NULL,
);

/*
	ALTER TABLE Relationship KEY comamnds
*/
ALTER TABLE FP.CJZ_CUSTOMERS ADD CONSTRAINT PK_CUST PRIMARY KEY (ID);
ALTER TABLE FP.CJZ_ORDERS ADD CONSTRAINT PK_ORD PRIMARY KEY (ORDER_NUMBER);
ALTER TABLE FP.CJZ_ORDER_LINE_ITEMS ADD CONSTRAINT PK_ORD_LINE PRIMARY KEY (ID);
ALTER TABLE FP.CJZ_PRODUCT_INFO ADD CONSTRAINT PK_PROD PRIMARY KEY (ID);
ALTER TABLE FP.CJZ_SUPPLIER_INFORMATION ADD CONSTRAINT PK_SUP PRIMARY KEY (ID);

ALTER TABLE FP.CJZ_ORDERS ADD CONSTRAINT FK_ORD FOREIGN KEY (CUSTOMER_ID) REFERENCES FP.CJZ_CUSTOMERS (ID);
ALTER TABLE FP.CJZ_ORDER_LINE_ITEMS ADD CONSTRAINT FK_ORD_LINE_ORD FOREIGN KEY (ORDER_NUMBER) REFERENCES FP.CJZ_ORDERS (ORDER_NUMBER);
ALTER TABLE FP.CJZ_ORDER_LINE_ITEMS ADD CONSTRAINT FK_ORD_LINE_PROD FOREIGN KEY (PRODUCT_ID) REFERENCES FP.CJZ_PRODUCT_INFO (ID);
ALTER TABLE FP.CJZ_PRODUCT_INFO ADD CONSTRAINT FK_PROD FOREIGN KEY (SUPPLIER_ID) REFERENCES FP.CJZ_SUPPLIER_INFORMATION (ID);

/*
	INSERT comamnds
*/
INSERT INTO FP.CJZ_CUSTOMERS (ID, FIRST_NAME, LAST_NAME, CITY, COUNTRY, POSTAL_CODE) VALUES ('1','Fran','Wilson','Portland','USA','(503) 555-9573');
INSERT INTO FP.CJZ_CUSTOMERS (ID, FIRST_NAME, LAST_NAME, CITY, COUNTRY, POSTAL_CODE) VALUES ('2','Karin','Josephs','Münster','Germany','0251-031259');
INSERT INTO FP.CJZ_CUSTOMERS (ID, FIRST_NAME, LAST_NAME, CITY, COUNTRY, POSTAL_CODE) VALUES ('3','Maurizio','Moroni','Reggio Emilia','Italy','0522-556721');
INSERT INTO FP.CJZ_CUSTOMERS (ID, FIRST_NAME, LAST_NAME, CITY, COUNTRY, POSTAL_CODE) VALUES ('4','Alexander','Feuer','Leipzig','Germany','0342-023176');
INSERT INTO FP.CJZ_CUSTOMERS (ID, FIRST_NAME, LAST_NAME, CITY, COUNTRY, POSTAL_CODE) VALUES ('5','Martín','Sommer','Madrid','Spain','(91) 555 22 82');
INSERT INTO FP.CJZ_CUSTOMERS (ID, FIRST_NAME, LAST_NAME, CITY, COUNTRY, POSTAL_CODE) VALUES ('6','Lino','Rodriguez','Lisboa','Portugal','(1) 354-2534');
INSERT INTO FP.CJZ_CUSTOMERS (ID, FIRST_NAME, LAST_NAME, CITY, COUNTRY, POSTAL_CODE) VALUES ('7','Anabela','Domingues','Sao Paulo','Brazil','(11) 555-2167');
INSERT INTO FP.CJZ_CUSTOMERS (ID, FIRST_NAME, LAST_NAME, CITY, COUNTRY, POSTAL_CODE) VALUES ('8','Francisco','Chang','México D.F.','Mexico','(5) 555-3392');
INSERT INTO FP.CJZ_CUSTOMERS (ID, FIRST_NAME, LAST_NAME, CITY, COUNTRY, POSTAL_CODE) VALUES ('9','Miguel','Angel Paolino','México D.F.','Mexico','(5) 555-2933');
INSERT INTO FP.CJZ_CUSTOMERS (ID, FIRST_NAME, LAST_NAME, CITY, COUNTRY, POSTAL_CODE) VALUES ('10','Giovanni','Rovelli','Bergamo','Italy','035-640230');
INSERT INTO FP.CJZ_CUSTOMERS (ID, FIRST_NAME, LAST_NAME, CITY, COUNTRY, POSTAL_CODE) VALUES ('11','Pirkko','Koskitalo','Oulu','Finland','981-443655');
INSERT INTO FP.CJZ_CUSTOMERS (ID, FIRST_NAME, LAST_NAME, CITY, COUNTRY, POSTAL_CODE) VALUES ('12','Carlos','Hernández','San Cristóbal','Venezuela','(5) 555-1340');
INSERT INTO FP.CJZ_CUSTOMERS (ID, FIRST_NAME, LAST_NAME, CITY, COUNTRY, POSTAL_CODE) VALUES ('13','Mario','Pontes','Rio de Janeiro','Brazil','(21) 555-0091');
INSERT INTO FP.CJZ_CUSTOMERS (ID, FIRST_NAME, LAST_NAME, CITY, COUNTRY, POSTAL_CODE) VALUES ('14','Michael','Holz','Genève','Switzerland','0897-034214');
INSERT INTO FP.CJZ_CUSTOMERS (ID, FIRST_NAME, LAST_NAME, CITY, COUNTRY, POSTAL_CODE) VALUES ('15','Frédérique','Citeaux','Strasbourg','France','88.60.15.31');
INSERT INTO FP.CJZ_CUSTOMERS (ID, FIRST_NAME, LAST_NAME, CITY, COUNTRY, POSTAL_CODE) VALUES ('16','Manuel','Pereira','Caracas','Venezuela','(2) 283-2951');
INSERT INTO FP.CJZ_CUSTOMERS (ID, FIRST_NAME, LAST_NAME, CITY, COUNTRY, POSTAL_CODE) VALUES ('17','Paul','Henriot','Reims','France','26.47.15.10');
INSERT INTO FP.CJZ_CUSTOMERS (ID, FIRST_NAME, LAST_NAME, CITY, COUNTRY, POSTAL_CODE) VALUES ('18','Roland','Mendel','Graz','Austria','7675-3425');
INSERT INTO FP.CJZ_CUSTOMERS (ID, FIRST_NAME, LAST_NAME, CITY, COUNTRY, POSTAL_CODE) VALUES ('19','Philip','Cramer','Brandenburg','Germany','0555-09876');
INSERT INTO FP.CJZ_CUSTOMERS (ID, FIRST_NAME, LAST_NAME, CITY, COUNTRY, POSTAL_CODE) VALUES ('20','Peter','Franken','München','Germany','089-0877310');
INSERT INTO FP.CJZ_CUSTOMERS (ID, FIRST_NAME, LAST_NAME, CITY, COUNTRY, POSTAL_CODE) VALUES ('21','Jose','Pavarotti','Boise','USA','(208) 555-8097');
INSERT INTO FP.CJZ_CUSTOMERS (ID, FIRST_NAME, LAST_NAME, CITY, COUNTRY, POSTAL_CODE) VALUES ('22','Henriette','Pfalzheim','Köln','Germany','0221-0644327');
INSERT INTO FP.CJZ_CUSTOMERS (ID, FIRST_NAME, LAST_NAME, CITY, COUNTRY, POSTAL_CODE) VALUES ('23','Liz','Nixon','Portland','USA','(503) 555-3612');
INSERT INTO FP.CJZ_CUSTOMERS (ID, FIRST_NAME, LAST_NAME, CITY, COUNTRY, POSTAL_CODE) VALUES ('24','Ana','Trujillo','México D.F.','Mexico','(5) 555-4729');
INSERT INTO FP.CJZ_CUSTOMERS (ID, FIRST_NAME, LAST_NAME, CITY, COUNTRY, POSTAL_CODE) VALUES ('25','Janete','Limeira','Rio de Janeiro','Brazil','(21) 555-3412');
INSERT INTO FP.CJZ_CUSTOMERS (ID, FIRST_NAME, LAST_NAME, CITY, COUNTRY, POSTAL_CODE) VALUES ('26','Rene','Phillips','Anchorage','USA','(907) 555-7584');
INSERT INTO FP.CJZ_CUSTOMERS (ID, FIRST_NAME, LAST_NAME, CITY, COUNTRY, POSTAL_CODE) VALUES ('27','Maria','Larsson','Bräcke','Sweden','0695-34 67 21');
INSERT INTO FP.CJZ_CUSTOMERS (ID, FIRST_NAME, LAST_NAME, CITY, COUNTRY, POSTAL_CODE) VALUES ('28','Janine','Labrune','Nantes','France','40.67.88.88');
INSERT INTO FP.CJZ_CUSTOMERS (ID, FIRST_NAME, LAST_NAME, CITY, COUNTRY, POSTAL_CODE) VALUES ('29','Yang','Wang','Bern','Switzerland','0452-076545');
INSERT INTO FP.CJZ_CUSTOMERS (ID, FIRST_NAME, LAST_NAME, CITY, COUNTRY, POSTAL_CODE) VALUES ('30','Carlos','González','Barquisimeto','Venezuela','(9) 331-6954');
INSERT INTO FP.CJZ_CUSTOMERS (ID, FIRST_NAME, LAST_NAME, CITY, COUNTRY, POSTAL_CODE) VALUES ('31','Renate','Messner','Frankfurt a.M.','Germany','069-0245984');
INSERT INTO FP.CJZ_CUSTOMERS (ID, FIRST_NAME, LAST_NAME, CITY, COUNTRY, POSTAL_CODE) VALUES ('32','Patricia','McKenna','Cork','Ireland','2967 542');
INSERT INTO FP.CJZ_CUSTOMERS (ID, FIRST_NAME, LAST_NAME, CITY, COUNTRY, POSTAL_CODE) VALUES ('33','Helen','Bennett','Cowes','UK','(198) 555-8888');
INSERT INTO FP.CJZ_CUSTOMERS (ID, FIRST_NAME, LAST_NAME, CITY, COUNTRY, POSTAL_CODE) VALUES ('34','Paula','Wilson','Albuquerque','USA','(505) 555-5939');
INSERT INTO FP.CJZ_CUSTOMERS (ID, FIRST_NAME, LAST_NAME, CITY, COUNTRY, POSTAL_CODE) VALUES ('35','Bernardo','Batista','Rio de Janeiro','Brazil','(21) 555-4252');
INSERT INTO FP.CJZ_CUSTOMERS (ID, FIRST_NAME, LAST_NAME, CITY, COUNTRY, POSTAL_CODE) VALUES ('36','Karl','Jablonski','Seattle','USA','(206) 555-4112');
INSERT INTO FP.CJZ_CUSTOMERS (ID, FIRST_NAME, LAST_NAME, CITY, COUNTRY, POSTAL_CODE) VALUES ('37','Christina','Berglund','Luleå','Sweden','0921-12 34 65');
INSERT INTO FP.CJZ_CUSTOMERS (ID, FIRST_NAME, LAST_NAME, CITY, COUNTRY, POSTAL_CODE) VALUES ('38','Pascale','Cartrain','Charleroi','Belgium','(071) 23 67 22 20');
INSERT INTO FP.CJZ_CUSTOMERS (ID, FIRST_NAME, LAST_NAME, CITY, COUNTRY, POSTAL_CODE) VALUES ('39','Pedro','Afonso','Sao Paulo','Brazil','(11) 555-7647');
INSERT INTO FP.CJZ_CUSTOMERS (ID, FIRST_NAME, LAST_NAME, CITY, COUNTRY, POSTAL_CODE) VALUES ('40','Horst','Kloss','Cunewalde','Germany','0372-035188');
INSERT INTO FP.CJZ_CUSTOMERS (ID, FIRST_NAME, LAST_NAME, CITY, COUNTRY, POSTAL_CODE) VALUES ('41','Alejandra','Camino','Madrid','Spain','(91) 745 6200');
INSERT INTO FP.CJZ_CUSTOMERS (ID, FIRST_NAME, LAST_NAME, CITY, COUNTRY, POSTAL_CODE) VALUES ('42','José','Pedro Freyre','Sevilla','Spain','(95) 555 82 82');
INSERT INTO FP.CJZ_CUSTOMERS (ID, FIRST_NAME, LAST_NAME, CITY, COUNTRY, POSTAL_CODE) VALUES ('43','Victoria','Ashworth','London','UK','(171) 555-1212');
INSERT INTO FP.CJZ_CUSTOMERS (ID, FIRST_NAME, LAST_NAME, CITY, COUNTRY, POSTAL_CODE) VALUES ('44','Guillermo','Fernández','México D.F.','Mexico','(5) 552-3745');
INSERT INTO FP.CJZ_CUSTOMERS (ID, FIRST_NAME, LAST_NAME, CITY, COUNTRY, POSTAL_CODE) VALUES ('45','Rita','Müller','Stuttgart','Germany','0711-020361');
INSERT INTO FP.CJZ_CUSTOMERS (ID, FIRST_NAME, LAST_NAME, CITY, COUNTRY, POSTAL_CODE) VALUES ('46','Mary','Saveley','Lyon','France','78.32.54.86');
INSERT INTO FP.CJZ_CUSTOMERS (ID, FIRST_NAME, LAST_NAME, CITY, COUNTRY, POSTAL_CODE) VALUES ('47','Art','Braunschweiger','Lander','USA','(307) 555-4680');
INSERT INTO FP.CJZ_CUSTOMERS (ID, FIRST_NAME, LAST_NAME, CITY, COUNTRY, POSTAL_CODE) VALUES ('48','Paula','Parente','Resende','Brazil','(14) 555-8122');
-- To check:
--SELECT * FROM FP.CJZ_CUSTOMERS;

INSERT INTO FP.CJZ_ORDERS (ORDER_NUMBER, ORDER_DATE, TOTAL_AMOUNT, CUSTOMER_ID) VALUES ('542378','7/4/2012',440.00,'1');
INSERT INTO FP.CJZ_ORDERS (ORDER_NUMBER, ORDER_DATE, TOTAL_AMOUNT, CUSTOMER_ID) VALUES ('542379','7/5/2012',1863.40,'2');
INSERT INTO FP.CJZ_ORDERS (ORDER_NUMBER, ORDER_DATE, TOTAL_AMOUNT, CUSTOMER_ID) VALUES ('542380','7/8/2012',1813.00,'3');
INSERT INTO FP.CJZ_ORDERS (ORDER_NUMBER, ORDER_DATE, TOTAL_AMOUNT, CUSTOMER_ID) VALUES ('542381','7/8/2012',670.80,'4');
INSERT INTO FP.CJZ_ORDERS (ORDER_NUMBER, ORDER_DATE, TOTAL_AMOUNT, CUSTOMER_ID) VALUES ('542382','7/9/2012',3730.00,'5');
INSERT INTO FP.CJZ_ORDERS (ORDER_NUMBER, ORDER_DATE, TOTAL_AMOUNT, CUSTOMER_ID) VALUES ('542383','7/10/2012',1444.80,'3');
INSERT INTO FP.CJZ_ORDERS (ORDER_NUMBER, ORDER_DATE, TOTAL_AMOUNT, CUSTOMER_ID) VALUES ('542384','7/11/2012',625.20,'6');
INSERT INTO FP.CJZ_ORDERS (ORDER_NUMBER, ORDER_DATE, TOTAL_AMOUNT, CUSTOMER_ID) VALUES ('542385','7/12/2012',2490.50,'7');
INSERT INTO FP.CJZ_ORDERS (ORDER_NUMBER, ORDER_DATE, TOTAL_AMOUNT, CUSTOMER_ID) VALUES ('542386','7/15/2012',517.80,'8');
INSERT INTO FP.CJZ_ORDERS (ORDER_NUMBER, ORDER_DATE, TOTAL_AMOUNT, CUSTOMER_ID) VALUES ('542387','7/16/2012',1119.90,'9');
INSERT INTO FP.CJZ_ORDERS (ORDER_NUMBER, ORDER_DATE, TOTAL_AMOUNT, CUSTOMER_ID) VALUES ('542388','7/17/2012',2018.60,'10');
INSERT INTO FP.CJZ_ORDERS (ORDER_NUMBER, ORDER_DATE, TOTAL_AMOUNT, CUSTOMER_ID) VALUES ('542389','7/18/2012',100.80,'11');
INSERT INTO FP.CJZ_ORDERS (ORDER_NUMBER, ORDER_DATE, TOTAL_AMOUNT, CUSTOMER_ID) VALUES ('542390','7/19/2012',1746.20,'12');
INSERT INTO FP.CJZ_ORDERS (ORDER_NUMBER, ORDER_DATE, TOTAL_AMOUNT, CUSTOMER_ID) VALUES ('542391','7/19/2012',448.00,'13');
INSERT INTO FP.CJZ_ORDERS (ORDER_NUMBER, ORDER_DATE, TOTAL_AMOUNT, CUSTOMER_ID) VALUES ('542392','7/22/2012',624.80,'14');
INSERT INTO FP.CJZ_ORDERS (ORDER_NUMBER, ORDER_DATE, TOTAL_AMOUNT, CUSTOMER_ID) VALUES ('542393','7/23/2012',2464.80,'10');
INSERT INTO FP.CJZ_ORDERS (ORDER_NUMBER, ORDER_DATE, TOTAL_AMOUNT, CUSTOMER_ID) VALUES ('542394','7/24/2012',724.50,'15');
INSERT INTO FP.CJZ_ORDERS (ORDER_NUMBER, ORDER_DATE, TOTAL_AMOUNT, CUSTOMER_ID) VALUES ('542395','7/25/2012',1176.00,'16');
INSERT INTO FP.CJZ_ORDERS (ORDER_NUMBER, ORDER_DATE, TOTAL_AMOUNT, CUSTOMER_ID) VALUES ('542396','7/26/2012',364.80,'17');
INSERT INTO FP.CJZ_ORDERS (ORDER_NUMBER, ORDER_DATE, TOTAL_AMOUNT, CUSTOMER_ID) VALUES ('542397','7/29/2012',4031.00,'18');
INSERT INTO FP.CJZ_ORDERS (ORDER_NUMBER, ORDER_DATE, TOTAL_AMOUNT, CUSTOMER_ID) VALUES ('542398','7/30/2012',1101.20,'19');
INSERT INTO FP.CJZ_ORDERS (ORDER_NUMBER, ORDER_DATE, TOTAL_AMOUNT, CUSTOMER_ID) VALUES ('542399','7/31/2012',676.00,'20');
INSERT INTO FP.CJZ_ORDERS (ORDER_NUMBER, ORDER_DATE, TOTAL_AMOUNT, CUSTOMER_ID) VALUES ('542400','8/1/2012',1376.00,'17');
INSERT INTO FP.CJZ_ORDERS (ORDER_NUMBER, ORDER_DATE, TOTAL_AMOUNT, CUSTOMER_ID) VALUES ('542401','8/1/2012',48.00,'21');
INSERT INTO FP.CJZ_ORDERS (ORDER_NUMBER, ORDER_DATE, TOTAL_AMOUNT, CUSTOMER_ID) VALUES ('542402','8/2/2012',1456.00,'14');
INSERT INTO FP.CJZ_ORDERS (ORDER_NUMBER, ORDER_DATE, TOTAL_AMOUNT, CUSTOMER_ID) VALUES ('542403','8/5/2012',2142.40,'22');
INSERT INTO FP.CJZ_ORDERS (ORDER_NUMBER, ORDER_DATE, TOTAL_AMOUNT, CUSTOMER_ID) VALUES ('542404','8/6/2012',538.60,'1');
INSERT INTO FP.CJZ_ORDERS (ORDER_NUMBER, ORDER_DATE, TOTAL_AMOUNT, CUSTOMER_ID) VALUES ('542405','8/7/2012',307.20,'23');
INSERT INTO FP.CJZ_ORDERS (ORDER_NUMBER, ORDER_DATE, TOTAL_AMOUNT, CUSTOMER_ID) VALUES ('542406','8/8/2012',420.00,'24');
INSERT INTO FP.CJZ_ORDERS (ORDER_NUMBER, ORDER_DATE, TOTAL_AMOUNT, CUSTOMER_ID) VALUES ('542407','8/9/2012',1200.80,'25');
INSERT INTO FP.CJZ_ORDERS (ORDER_NUMBER, ORDER_DATE, TOTAL_AMOUNT, CUSTOMER_ID) VALUES ('542408','8/12/2012',1488.80,'26');
INSERT INTO FP.CJZ_ORDERS (ORDER_NUMBER, ORDER_DATE, TOTAL_AMOUNT, CUSTOMER_ID) VALUES ('542409','8/13/2012',468.00,'27');
INSERT INTO FP.CJZ_ORDERS (ORDER_NUMBER, ORDER_DATE, TOTAL_AMOUNT, CUSTOMER_ID) VALUES ('542410','8/14/2012',613.20,'26');
INSERT INTO FP.CJZ_ORDERS (ORDER_NUMBER, ORDER_DATE, TOTAL_AMOUNT, CUSTOMER_ID) VALUES ('542411','8/14/2012',86.50,'28');
INSERT INTO FP.CJZ_ORDERS (ORDER_NUMBER, ORDER_DATE, TOTAL_AMOUNT, CUSTOMER_ID) VALUES ('542412','8/15/2012',155.40,'28');
INSERT INTO FP.CJZ_ORDERS (ORDER_NUMBER, ORDER_DATE, TOTAL_AMOUNT, CUSTOMER_ID) VALUES ('542413','8/16/2012',1414.80,'29');
INSERT INTO FP.CJZ_ORDERS (ORDER_NUMBER, ORDER_DATE, TOTAL_AMOUNT, CUSTOMER_ID) VALUES ('542414','8/19/2012',1452.00,'27');
INSERT INTO FP.CJZ_ORDERS (ORDER_NUMBER, ORDER_DATE, TOTAL_AMOUNT, CUSTOMER_ID) VALUES ('542415','8/20/2012',2179.20,'22');
INSERT INTO FP.CJZ_ORDERS (ORDER_NUMBER, ORDER_DATE, TOTAL_AMOUNT, CUSTOMER_ID) VALUES ('542416','8/21/2012',3016.00,'22');
INSERT INTO FP.CJZ_ORDERS (ORDER_NUMBER, ORDER_DATE, TOTAL_AMOUNT, CUSTOMER_ID) VALUES ('542417','8/22/2012',924.00,'30');
INSERT INTO FP.CJZ_ORDERS (ORDER_NUMBER, ORDER_DATE, TOTAL_AMOUNT, CUSTOMER_ID) VALUES ('542418','8/23/2012',89.00,'31');
INSERT INTO FP.CJZ_ORDERS (ORDER_NUMBER, ORDER_DATE, TOTAL_AMOUNT, CUSTOMER_ID) VALUES ('542419','8/26/2012',479.40,'32');
INSERT INTO FP.CJZ_ORDERS (ORDER_NUMBER, ORDER_DATE, TOTAL_AMOUNT, CUSTOMER_ID) VALUES ('542420','8/27/2012',2169.00,'33');
INSERT INTO FP.CJZ_ORDERS (ORDER_NUMBER, ORDER_DATE, TOTAL_AMOUNT, CUSTOMER_ID) VALUES ('542421','8/27/2012',552.80,'13');
INSERT INTO FP.CJZ_ORDERS (ORDER_NUMBER, ORDER_DATE, TOTAL_AMOUNT, CUSTOMER_ID) VALUES ('542422','8/28/2012',1296.00,'34');
INSERT INTO FP.CJZ_ORDERS (ORDER_NUMBER, ORDER_DATE, TOTAL_AMOUNT, CUSTOMER_ID) VALUES ('542423','8/29/2012',848.70,'24');
INSERT INTO FP.CJZ_ORDERS (ORDER_NUMBER, ORDER_DATE, TOTAL_AMOUNT, CUSTOMER_ID) VALUES ('542424','8/30/2012',1887.60,'14');
INSERT INTO FP.CJZ_ORDERS (ORDER_NUMBER, ORDER_DATE, TOTAL_AMOUNT, CUSTOMER_ID) VALUES ('542425','9/2/2012',121.60,'1');
INSERT INTO FP.CJZ_ORDERS (ORDER_NUMBER, ORDER_DATE, TOTAL_AMOUNT, CUSTOMER_ID) VALUES ('542426','9/3/2012',1050.60,'29');
INSERT INTO FP.CJZ_ORDERS (ORDER_NUMBER, ORDER_DATE, TOTAL_AMOUNT, CUSTOMER_ID) VALUES ('542427','9/4/2012',1420.00,'16');
INSERT INTO FP.CJZ_ORDERS (ORDER_NUMBER, ORDER_DATE, TOTAL_AMOUNT, CUSTOMER_ID) VALUES ('542428','9/5/2012',3127.00,'35');
INSERT INTO FP.CJZ_ORDERS (ORDER_NUMBER, ORDER_DATE, TOTAL_AMOUNT, CUSTOMER_ID) VALUES ('542429','9/6/2012',349.50,'30');
INSERT INTO FP.CJZ_ORDERS (ORDER_NUMBER, ORDER_DATE, TOTAL_AMOUNT, CUSTOMER_ID) VALUES ('542430','9/9/2012',608.00,'23');
INSERT INTO FP.CJZ_ORDERS (ORDER_NUMBER, ORDER_DATE, TOTAL_AMOUNT, CUSTOMER_ID) VALUES ('542431','9/9/2012',755.00,'36');
INSERT INTO FP.CJZ_ORDERS (ORDER_NUMBER, ORDER_DATE, TOTAL_AMOUNT, CUSTOMER_ID) VALUES ('542432','9/10/2012',2708.80,'5');
INSERT INTO FP.CJZ_ORDERS (ORDER_NUMBER, ORDER_DATE, TOTAL_AMOUNT, CUSTOMER_ID) VALUES ('542433','9/11/2012',1242.00,'37');
INSERT INTO FP.CJZ_ORDERS (ORDER_NUMBER, ORDER_DATE, TOTAL_AMOUNT, CUSTOMER_ID) VALUES ('542434','9/12/2012',954.40,'24');
INSERT INTO FP.CJZ_ORDERS (ORDER_NUMBER, ORDER_DATE, TOTAL_AMOUNT, CUSTOMER_ID) VALUES ('542435','9/13/2012',4157.00,'38');
INSERT INTO FP.CJZ_ORDERS (ORDER_NUMBER, ORDER_DATE, TOTAL_AMOUNT, CUSTOMER_ID) VALUES ('542436','9/16/2012',498.50,'28');
INSERT INTO FP.CJZ_ORDERS (ORDER_NUMBER, ORDER_DATE, TOTAL_AMOUNT, CUSTOMER_ID) VALUES ('542437','9/17/2012',424.00,'39');
INSERT INTO FP.CJZ_ORDERS (ORDER_NUMBER, ORDER_DATE, TOTAL_AMOUNT, CUSTOMER_ID) VALUES ('542438','9/18/2012',88.80,'40');
INSERT INTO FP.CJZ_ORDERS (ORDER_NUMBER, ORDER_DATE, TOTAL_AMOUNT, CUSTOMER_ID) VALUES ('542439','9/19/2012',1762.00,'35');
INSERT INTO FP.CJZ_ORDERS (ORDER_NUMBER, ORDER_DATE, TOTAL_AMOUNT, CUSTOMER_ID) VALUES ('542440','9/20/2012',336.00,'41');
INSERT INTO FP.CJZ_ORDERS (ORDER_NUMBER, ORDER_DATE, TOTAL_AMOUNT, CUSTOMER_ID) VALUES ('542441','9/20/2012',268.80,'42');
INSERT INTO FP.CJZ_ORDERS (ORDER_NUMBER, ORDER_DATE, TOTAL_AMOUNT, CUSTOMER_ID) VALUES ('542442','9/23/2012',1614.80,'36');
INSERT INTO FP.CJZ_ORDERS (ORDER_NUMBER, ORDER_DATE, TOTAL_AMOUNT, CUSTOMER_ID) VALUES ('542443','9/24/2012',182.40,'22');
INSERT INTO FP.CJZ_ORDERS (ORDER_NUMBER, ORDER_DATE, TOTAL_AMOUNT, CUSTOMER_ID) VALUES ('542444','9/25/2012',2327.00,'14');
INSERT INTO FP.CJZ_ORDERS (ORDER_NUMBER, ORDER_DATE, TOTAL_AMOUNT, CUSTOMER_ID) VALUES ('542445','9/26/2012',516.80,'43');
INSERT INTO FP.CJZ_ORDERS (ORDER_NUMBER, ORDER_DATE, TOTAL_AMOUNT, CUSTOMER_ID) VALUES ('542446','9/27/2012',2835.00,'14');
INSERT INTO FP.CJZ_ORDERS (ORDER_NUMBER, ORDER_DATE, TOTAL_AMOUNT, CUSTOMER_ID) VALUES ('542447','9/30/2012',288.00,'39');
INSERT INTO FP.CJZ_ORDERS (ORDER_NUMBER, ORDER_DATE, TOTAL_AMOUNT, CUSTOMER_ID) VALUES ('542448','10/1/2012',240.40,'43');
INSERT INTO FP.CJZ_ORDERS (ORDER_NUMBER, ORDER_DATE, TOTAL_AMOUNT, CUSTOMER_ID) VALUES ('542449','10/2/2012',1191.20,'24');
INSERT INTO FP.CJZ_ORDERS (ORDER_NUMBER, ORDER_DATE, TOTAL_AMOUNT, CUSTOMER_ID) VALUES ('542450','10/3/2012',516.00,'17');
INSERT INTO FP.CJZ_ORDERS (ORDER_NUMBER, ORDER_DATE, TOTAL_AMOUNT, CUSTOMER_ID) VALUES ('542451','10/3/2012',144.00,'43');
INSERT INTO FP.CJZ_ORDERS (ORDER_NUMBER, ORDER_DATE, TOTAL_AMOUNT, CUSTOMER_ID) VALUES ('542452','10/4/2012',112.00,'44');
INSERT INTO FP.CJZ_ORDERS (ORDER_NUMBER, ORDER_DATE, TOTAL_AMOUNT, CUSTOMER_ID) VALUES ('542453','10/7/2012',164.40,'45');
INSERT INTO FP.CJZ_ORDERS (ORDER_NUMBER, ORDER_DATE, TOTAL_AMOUNT, CUSTOMER_ID) VALUES ('542454','10/8/2012',6155.90,'46');
INSERT INTO FP.CJZ_ORDERS (ORDER_NUMBER, ORDER_DATE, TOTAL_AMOUNT, CUSTOMER_ID) VALUES ('542455','10/9/2012',1497.00,'45');
INSERT INTO FP.CJZ_ORDERS (ORDER_NUMBER, ORDER_DATE, TOTAL_AMOUNT, CUSTOMER_ID) VALUES ('542456','10/10/2012',982.00,'47');
INSERT INTO FP.CJZ_ORDERS (ORDER_NUMBER, ORDER_DATE, TOTAL_AMOUNT, CUSTOMER_ID) VALUES ('542457','10/11/2012',2262.50,'15');
INSERT INTO FP.CJZ_ORDERS (ORDER_NUMBER, ORDER_DATE, TOTAL_AMOUNT, CUSTOMER_ID) VALUES ('542458','10/14/2012',1168.00,'48');
INSERT INTO FP.CJZ_ORDERS (ORDER_NUMBER, ORDER_DATE, TOTAL_AMOUNT, CUSTOMER_ID) VALUES ('542459','10/15/2012',4819.40,'21');
-- To check:
--SELECT * FROM FP.CJZ_ORDERS;

INSERT INTO FP.CJZ_SUPPLIER_INFORMATION (ID, COMPANY_NAME, CONTACT_NAME, TITLE, COMPANY_CITY, COMPANY_COUNTRY, PHONE, FAX) VALUES ('1','New Orleans Cajun Delights','Shelley Burke',NULL,'New Orleans','USA','(100) 555-4822',NULL);
INSERT INTO FP.CJZ_SUPPLIER_INFORMATION (ID, COMPANY_NAME, CONTACT_NAME, TITLE, COMPANY_CITY, COMPANY_COUNTRY, PHONE, FAX) VALUES ('2','Plutzer Lebensmittelgroßmärkte AG','Martin Bein',NULL,'Frankfurt','Germany','(069) 992755',NULL);
INSERT INTO FP.CJZ_SUPPLIER_INFORMATION (ID, COMPANY_NAME, CONTACT_NAME, TITLE, COMPANY_CITY, COMPANY_COUNTRY, PHONE, FAX) VALUES ('3','Pasta Buttini s.r.l.','Giovanni Giudici',NULL,'Salerno','Italy','(089) 6547665','(089) 6547667');
INSERT INTO FP.CJZ_SUPPLIER_INFORMATION (ID, COMPANY_NAME, CONTACT_NAME, TITLE, COMPANY_CITY, COMPANY_COUNTRY, PHONE, FAX) VALUES ('4','Leka Trading','Chandra Leka',NULL,'Singapore','Singapore','555-8787',NULL);
INSERT INTO FP.CJZ_SUPPLIER_INFORMATION (ID, COMPANY_NAME, CONTACT_NAME, TITLE, COMPANY_CITY, COMPANY_COUNTRY, PHONE, FAX) VALUES ('5','Exotic Liquids','Charlotte Cooper',NULL,'London','UK','(171) 555-2222',NULL);
INSERT INTO FP.CJZ_SUPPLIER_INFORMATION (ID, COMPANY_NAME, CONTACT_NAME, TITLE, COMPANY_CITY, COMPANY_COUNTRY, PHONE, FAX) VALUES ('6','Svensk Sjöföda AB','Michael Björn',NULL,'Stockholm','Sweden','08-123 45 67',NULL);
INSERT INTO FP.CJZ_SUPPLIER_INFORMATION (ID, COMPANY_NAME, CONTACT_NAME, TITLE, COMPANY_CITY, COMPANY_COUNTRY, PHONE, FAX) VALUES ('7','Norske Meierier','Beate Vileid',NULL,'Sandvika','Norway','(0)2-953010',NULL);
INSERT INTO FP.CJZ_SUPPLIER_INFORMATION (ID, COMPANY_NAME, CONTACT_NAME, TITLE, COMPANY_CITY, COMPANY_COUNTRY, PHONE, FAX) VALUES ('8','Bigfoot Breweries','Cheryl Saylor',NULL,'Bend','USA','(503) 555-9931',NULL);
INSERT INTO FP.CJZ_SUPPLIER_INFORMATION (ID, COMPANY_NAME, CONTACT_NAME, TITLE, COMPANY_CITY, COMPANY_COUNTRY, PHONE, FAX) VALUES ('9','Specialty Biscuits, Ltd.','Peter Wilson',NULL,'Manchester','UK','(161) 555-4448',NULL);
INSERT INTO FP.CJZ_SUPPLIER_INFORMATION (ID, COMPANY_NAME, CONTACT_NAME, TITLE, COMPANY_CITY, COMPANY_COUNTRY, PHONE, FAX) VALUES ('10','Pavlova, Ltd.','Ian Devling',NULL,'Melbourne','Australia','(03) 444-2343','(03) 444-6588');
INSERT INTO FP.CJZ_SUPPLIER_INFORMATION (ID, COMPANY_NAME, CONTACT_NAME, TITLE, COMPANY_CITY, COMPANY_COUNTRY, PHONE, FAX) VALUES ('11','Heli Süßwaren GmbH & Co. KG','Petra Winkler',NULL,'Berlin','Germany','(010) 9984510',NULL);
INSERT INTO FP.CJZ_SUPPLIER_INFORMATION (ID, COMPANY_NAME, CONTACT_NAME, TITLE, COMPANY_CITY, COMPANY_COUNTRY, PHONE, FAX) VALUES ('12','Mayumis','Mayumi Ohno',NULL,'Osaka','Japan','(06) 431-7877',NULL);
INSERT INTO FP.CJZ_SUPPLIER_INFORMATION (ID, COMPANY_NAME, CONTACT_NAME, TITLE, COMPANY_CITY, COMPANY_COUNTRY, PHONE, FAX) VALUES ('13','Tokyo Traders','Yoshi Nagase',NULL,'Tokyo','Japan','(03) 3555-5011',NULL);
INSERT INTO FP.CJZ_SUPPLIER_INFORMATION (ID, COMPANY_NAME, CONTACT_NAME, TITLE, COMPANY_CITY, COMPANY_COUNTRY, PHONE, FAX) VALUES ('14','Ma Maison','Jean-Guy Lauzon',NULL,'Montréal','Canada','(514) 555-9022',NULL);
INSERT INTO FP.CJZ_SUPPLIER_INFORMATION (ID, COMPANY_NAME, CONTACT_NAME, TITLE, COMPANY_CITY, COMPANY_COUNTRY, PHONE, FAX) VALUES ('15','Lyngbysild','Niels Petersen',NULL,'Lyngby','Denmark','43844108',43844115);
INSERT INTO FP.CJZ_SUPPLIER_INFORMATION (ID, COMPANY_NAME, CONTACT_NAME, TITLE, COMPANY_CITY, COMPANY_COUNTRY, PHONE, FAX) VALUES ('16','Karkki Oy','Anne Heikkonen',NULL,'Lappeenranta','Finland','(953) 10956',NULL);
INSERT INTO FP.CJZ_SUPPLIER_INFORMATION (ID, COMPANY_NAME, CONTACT_NAME, TITLE, COMPANY_CITY, COMPANY_COUNTRY, PHONE, FAX) VALUES ('17','Gday, Mate','Wendy Mackenzie',NULL,'Sydney','Australia','(02) 555-5914','(02) 555-4873');
INSERT INTO FP.CJZ_SUPPLIER_INFORMATION (ID, COMPANY_NAME, CONTACT_NAME, TITLE, COMPANY_CITY, COMPANY_COUNTRY, PHONE, FAX) VALUES ('18','Forêts dérables','Chantal Goulet',NULL,'Ste-Hyacinthe','Canada','(514) 555-2955','(514) 555-2921');
INSERT INTO FP.CJZ_SUPPLIER_INFORMATION (ID, COMPANY_NAME, CONTACT_NAME, TITLE, COMPANY_CITY, COMPANY_COUNTRY, PHONE, FAX) VALUES ('19','Gai pâturage','Eliane Noz',NULL,'Annecy','France','38.76.98.06','38.76.98.58');
INSERT INTO FP.CJZ_SUPPLIER_INFORMATION (ID, COMPANY_NAME, CONTACT_NAME, TITLE, COMPANY_CITY, COMPANY_COUNTRY, PHONE, FAX) VALUES ('20','Grandma Kellys Homestead','Regina Murphy',NULL,'Ann Arbor','USA','(313) 555-5735','(313) 555-3349');
INSERT INTO FP.CJZ_SUPPLIER_INFORMATION (ID, COMPANY_NAME, CONTACT_NAME, TITLE, COMPANY_CITY, COMPANY_COUNTRY, PHONE, FAX) VALUES ('21','New England Seafood Cannery','Robb Merchant',NULL,'Boston','USA','(617) 555-3267','(617) 555-3389');
INSERT INTO FP.CJZ_SUPPLIER_INFORMATION (ID, COMPANY_NAME, CONTACT_NAME, TITLE, COMPANY_CITY, COMPANY_COUNTRY, PHONE, FAX) VALUES ('22','Aux joyeux ecclésiastiques','Guylène Nodier',NULL,'Paris','France','(1) 03.83.00.68','(1) 03.83.00.62');
INSERT INTO FP.CJZ_SUPPLIER_INFORMATION (ID, COMPANY_NAME, CONTACT_NAME, TITLE, COMPANY_CITY, COMPANY_COUNTRY, PHONE, FAX) VALUES ('23','Formaggi Fortini s.r.l.','Elio Rossi',NULL,'Ravenna','Italy','(0544) 60323','(0544) 60603');
INSERT INTO FP.CJZ_SUPPLIER_INFORMATION (ID, COMPANY_NAME, CONTACT_NAME, TITLE, COMPANY_CITY, COMPANY_COUNTRY, PHONE, FAX) VALUES ('24','Cooperativa de Quesos Las Cabras','Antonio del Valle Saavedra',NULL,'Oviedo','Spain','(98) 598 76 54',NULL);
INSERT INTO FP.CJZ_SUPPLIER_INFORMATION (ID, COMPANY_NAME, CONTACT_NAME, TITLE, COMPANY_CITY, COMPANY_COUNTRY, PHONE, FAX) VALUES ('25','Refrescos Americanas LTDA','Carlos Diaz',NULL,'Sao Paulo','Brazil','(11) 555 4640',NULL);
INSERT INTO FP.CJZ_SUPPLIER_INFORMATION (ID, COMPANY_NAME, CONTACT_NAME, TITLE, COMPANY_CITY, COMPANY_COUNTRY, PHONE, FAX) VALUES ('26','Escargots Nouveaux','Marie Delamare',NULL,'Montceau','France','85.57.00.07',NULL);
INSERT INTO FP.CJZ_SUPPLIER_INFORMATION (ID, COMPANY_NAME, CONTACT_NAME, TITLE, COMPANY_CITY, COMPANY_COUNTRY, PHONE, FAX) VALUES ('27','Nord-Ost-Fisch Handelsgesellschaft mbH','Sven Petersen',NULL,'Cuxhaven','Germany','(04721) 8713','(04721) 8714');
INSERT INTO FP.CJZ_SUPPLIER_INFORMATION (ID, COMPANY_NAME, CONTACT_NAME, TITLE, COMPANY_CITY, COMPANY_COUNTRY, PHONE, FAX) VALUES ('28','PB Knäckebröd AB','Lars Peterson',NULL,'Göteborg','Sweden','031-987 65 43','031-987 65 91');
-- To check:
--SELECT * FROM FP.CJZ_SUPPLIER_INFORMATION;

INSERT INTO FP.CJZ_PRODUCT_INFO (ID, ITEM_SOLD, RETAIL_PRICE, PACKAGING, IS_DISCONTINUED, SUPPLIER_ID) VALUES ('1','Louisiana Hot Spiced Okra',17.00,'24 - 8 oz jars','0','1');
INSERT INTO FP.CJZ_PRODUCT_INFO (ID, ITEM_SOLD, RETAIL_PRICE, PACKAGING, IS_DISCONTINUED, SUPPLIER_ID) VALUES ('2','Wimmers gute Semmelknödel',33.25,'20 bags x 4 pieces','0','2');
INSERT INTO FP.CJZ_PRODUCT_INFO (ID, ITEM_SOLD, RETAIL_PRICE, PACKAGING, IS_DISCONTINUED, SUPPLIER_ID) VALUES ('3','Gnocchi di nonna Alice',38.00,'24 - 250 g pkgs.','0','3');
INSERT INTO FP.CJZ_PRODUCT_INFO (ID, ITEM_SOLD, RETAIL_PRICE, PACKAGING, IS_DISCONTINUED, SUPPLIER_ID) VALUES ('4','Ipoh Coffee',46.00,'16 - 500 g tins','0','4');
INSERT INTO FP.CJZ_PRODUCT_INFO (ID, ITEM_SOLD, RETAIL_PRICE, PACKAGING, IS_DISCONTINUED, SUPPLIER_ID) VALUES ('5','Chang',19.00,'24 - 12 oz bottles','0','5');
INSERT INTO FP.CJZ_PRODUCT_INFO (ID, ITEM_SOLD, RETAIL_PRICE, PACKAGING, IS_DISCONTINUED, SUPPLIER_ID) VALUES ('6','Rhönbräu Klosterbier',7.75,'24 - 0.5 l bottles','0','2');
INSERT INTO FP.CJZ_PRODUCT_INFO (ID, ITEM_SOLD, RETAIL_PRICE, PACKAGING, IS_DISCONTINUED, SUPPLIER_ID) VALUES ('7','Singaporean Hokkien Fried Mee',14.00,'32 - 1 kg pkgs.','1','4');
INSERT INTO FP.CJZ_PRODUCT_INFO (ID, ITEM_SOLD, RETAIL_PRICE, PACKAGING, IS_DISCONTINUED, SUPPLIER_ID) VALUES ('8','Röd Kaviar',15.00,'24 - 150 g jars','0','6');
INSERT INTO FP.CJZ_PRODUCT_INFO (ID, ITEM_SOLD, RETAIL_PRICE, PACKAGING, IS_DISCONTINUED, SUPPLIER_ID) VALUES ('9','Gudbrandsdalsost',36.00,'10 kg pkg.','0','7');
INSERT INTO FP.CJZ_PRODUCT_INFO (ID, ITEM_SOLD, RETAIL_PRICE, PACKAGING, IS_DISCONTINUED, SUPPLIER_ID) VALUES ('10','Sasquatch Ale',14.00,'24 - 12 oz bottles','0','8');
INSERT INTO FP.CJZ_PRODUCT_INFO (ID, ITEM_SOLD, RETAIL_PRICE, PACKAGING, IS_DISCONTINUED, SUPPLIER_ID) VALUES ('11','Sir Rodneys Marmalade',81.00,'30 gift boxes','0','9');
INSERT INTO FP.CJZ_PRODUCT_INFO (ID, ITEM_SOLD, RETAIL_PRICE, PACKAGING, IS_DISCONTINUED, SUPPLIER_ID) VALUES ('12','Alice Mutton',39.00,'20 - 1 kg tins','1','10');
INSERT INTO FP.CJZ_PRODUCT_INFO (ID, ITEM_SOLD, RETAIL_PRICE, PACKAGING, IS_DISCONTINUED, SUPPLIER_ID) VALUES ('13','Rössle Sauerkraut',45.60,'25 - 825 g cans','1','2');
INSERT INTO FP.CJZ_PRODUCT_INFO (ID, ITEM_SOLD, RETAIL_PRICE, PACKAGING, IS_DISCONTINUED, SUPPLIER_ID) VALUES ('14','Schoggi Schokolade',43.90,'100 - 100 g pieces','0','11');
INSERT INTO FP.CJZ_PRODUCT_INFO (ID, ITEM_SOLD, RETAIL_PRICE, PACKAGING, IS_DISCONTINUED, SUPPLIER_ID) VALUES ('15','Louisiana Fiery Hot Pepper Sauce',21.05,'32 - 8 oz bottles','0','1');
INSERT INTO FP.CJZ_PRODUCT_INFO (ID, ITEM_SOLD, RETAIL_PRICE, PACKAGING, IS_DISCONTINUED, SUPPLIER_ID) VALUES ('16','Tofu',23.25,'40 - 100 g pkgs.','0','12');
INSERT INTO FP.CJZ_PRODUCT_INFO (ID, ITEM_SOLD, RETAIL_PRICE, PACKAGING, IS_DISCONTINUED, SUPPLIER_ID) VALUES ('17','Thüringer Rostbratwurst',123.79,'50 bags x 30 sausgs.','1','2');
INSERT INTO FP.CJZ_PRODUCT_INFO (ID, ITEM_SOLD, RETAIL_PRICE, PACKAGING, IS_DISCONTINUED, SUPPLIER_ID) VALUES ('18','Longlife Tofu',10.00,'5 kg pkg.','0','13');
INSERT INTO FP.CJZ_PRODUCT_INFO (ID, ITEM_SOLD, RETAIL_PRICE, PACKAGING, IS_DISCONTINUED, SUPPLIER_ID) VALUES ('19','Pâté chinois',24.00,'24 boxes x 2 pies','0','14');
INSERT INTO FP.CJZ_PRODUCT_INFO (ID, ITEM_SOLD, RETAIL_PRICE, PACKAGING, IS_DISCONTINUED, SUPPLIER_ID) VALUES ('20','Outback Lager',15.00,'24 - 355 ml bottles','0','10');
INSERT INTO FP.CJZ_PRODUCT_INFO (ID, ITEM_SOLD, RETAIL_PRICE, PACKAGING, IS_DISCONTINUED, SUPPLIER_ID) VALUES ('21','Gravad lax',26.00,'12 - 500 g pkgs.','0','6');
INSERT INTO FP.CJZ_PRODUCT_INFO (ID, ITEM_SOLD, RETAIL_PRICE, PACKAGING, IS_DISCONTINUED, SUPPLIER_ID) VALUES ('22','Carnarvon Tigers',62.50,'16 kg pkg.','0','10');
INSERT INTO FP.CJZ_PRODUCT_INFO (ID, ITEM_SOLD, RETAIL_PRICE, PACKAGING, IS_DISCONTINUED, SUPPLIER_ID) VALUES ('23','Spegesild',12.00,'4 - 450 g glasses','0','15');
INSERT INTO FP.CJZ_PRODUCT_INFO (ID, ITEM_SOLD, RETAIL_PRICE, PACKAGING, IS_DISCONTINUED, SUPPLIER_ID) VALUES ('24','Original Frankfurter grüne Soße',13.00,'12 boxes','0','2');
INSERT INTO FP.CJZ_PRODUCT_INFO (ID, ITEM_SOLD, RETAIL_PRICE, PACKAGING, IS_DISCONTINUED, SUPPLIER_ID) VALUES ('25','Maxilaku',20.00,'24 - 50 g pkgs.','0','16');
INSERT INTO FP.CJZ_PRODUCT_INFO (ID, ITEM_SOLD, RETAIL_PRICE, PACKAGING, IS_DISCONTINUED, SUPPLIER_ID) VALUES ('26','Filo Mix',7.00,'16 - 2 kg boxes','0','17');
INSERT INTO FP.CJZ_PRODUCT_INFO (ID, ITEM_SOLD, RETAIL_PRICE, PACKAGING, IS_DISCONTINUED, SUPPLIER_ID) VALUES ('27','Tarte au sucre',49.30,'48 pies','0','18');
INSERT INTO FP.CJZ_PRODUCT_INFO (ID, ITEM_SOLD, RETAIL_PRICE, PACKAGING, IS_DISCONTINUED, SUPPLIER_ID) VALUES ('28','Tourtière',7.45,'16 pies','0','14');
INSERT INTO FP.CJZ_PRODUCT_INFO (ID, ITEM_SOLD, RETAIL_PRICE, PACKAGING, IS_DISCONTINUED, SUPPLIER_ID) VALUES ('29','Chef Antons Cajun Seasoning',22.00,'48 - 6 oz jars','0','1');
INSERT INTO FP.CJZ_PRODUCT_INFO (ID, ITEM_SOLD, RETAIL_PRICE, PACKAGING, IS_DISCONTINUED, SUPPLIER_ID) VALUES ('30','Manjimup Dried Apples',53.00,'50 - 300 g pkgs.','0','17');
INSERT INTO FP.CJZ_PRODUCT_INFO (ID, ITEM_SOLD, RETAIL_PRICE, PACKAGING, IS_DISCONTINUED, SUPPLIER_ID) VALUES ('31','Flotemysost',21.50,'10 - 500 g pkgs.','0','7');
INSERT INTO FP.CJZ_PRODUCT_INFO (ID, ITEM_SOLD, RETAIL_PRICE, PACKAGING, IS_DISCONTINUED, SUPPLIER_ID) VALUES ('32','NuNuCa Nuß-Nougat-Creme',14.00,'20 - 450 g glasses','0','11');
INSERT INTO FP.CJZ_PRODUCT_INFO (ID, ITEM_SOLD, RETAIL_PRICE, PACKAGING, IS_DISCONTINUED, SUPPLIER_ID) VALUES ('33','Camembert Pierrot',34.00,'15 - 300 g rounds','0','19');
INSERT INTO FP.CJZ_PRODUCT_INFO (ID, ITEM_SOLD, RETAIL_PRICE, PACKAGING, IS_DISCONTINUED, SUPPLIER_ID) VALUES ('34','Scottish Longbreads',12.50,'10 boxes x 8 pieces','0','9');
INSERT INTO FP.CJZ_PRODUCT_INFO (ID, ITEM_SOLD, RETAIL_PRICE, PACKAGING, IS_DISCONTINUED, SUPPLIER_ID) VALUES ('35','Grandmas Boysenberry Spread',25.00,'12 - 8 oz jars','0','20');
INSERT INTO FP.CJZ_PRODUCT_INFO (ID, ITEM_SOLD, RETAIL_PRICE, PACKAGING, IS_DISCONTINUED, SUPPLIER_ID) VALUES ('36','Uncle Bobs Organic Dried Pears',30.00,'12 - 1 lb pkgs.','0','20');
INSERT INTO FP.CJZ_PRODUCT_INFO (ID, ITEM_SOLD, RETAIL_PRICE, PACKAGING, IS_DISCONTINUED, SUPPLIER_ID) VALUES ('37','Boston Crab Meat',18.40,'24 - 4 oz tins','0','21');
INSERT INTO FP.CJZ_PRODUCT_INFO (ID, ITEM_SOLD, RETAIL_PRICE, PACKAGING, IS_DISCONTINUED, SUPPLIER_ID) VALUES ('38','Sir Rodneys Scones',10.00,'24 pkgs. x 4 pieces','0','9');
INSERT INTO FP.CJZ_PRODUCT_INFO (ID, ITEM_SOLD, RETAIL_PRICE, PACKAGING, IS_DISCONTINUED, SUPPLIER_ID) VALUES ('39','Chartreuse verte',18.00,'750 cc per bottle','0','22');
INSERT INTO FP.CJZ_PRODUCT_INFO (ID, ITEM_SOLD, RETAIL_PRICE, PACKAGING, IS_DISCONTINUED, SUPPLIER_ID) VALUES ('40','Genen Shouyu',15.50,'24 - 250 ml bottles','0','12');
INSERT INTO FP.CJZ_PRODUCT_INFO (ID, ITEM_SOLD, RETAIL_PRICE, PACKAGING, IS_DISCONTINUED, SUPPLIER_ID) VALUES ('41','Mascarpone Fabioli',32.00,'24 - 200 g pkgs.','0','23');
INSERT INTO FP.CJZ_PRODUCT_INFO (ID, ITEM_SOLD, RETAIL_PRICE, PACKAGING, IS_DISCONTINUED, SUPPLIER_ID) VALUES ('42','Queso Cabrales',21.00,'1 kg pkg.','0','24');
INSERT INTO FP.CJZ_PRODUCT_INFO (ID, ITEM_SOLD, RETAIL_PRICE, PACKAGING, IS_DISCONTINUED, SUPPLIER_ID) VALUES ('43','Vegie-spread',43.90,'15 - 625 g jars','0','10');
INSERT INTO FP.CJZ_PRODUCT_INFO (ID, ITEM_SOLD, RETAIL_PRICE, PACKAGING, IS_DISCONTINUED, SUPPLIER_ID) VALUES ('44','Ravioli Angelo',19.50,'24 - 250 g pkgs.','0','3');
INSERT INTO FP.CJZ_PRODUCT_INFO (ID, ITEM_SOLD, RETAIL_PRICE, PACKAGING, IS_DISCONTINUED, SUPPLIER_ID) VALUES ('45','Inlagd Sill',19.00,'24 - 250 g  jars','0','6');
INSERT INTO FP.CJZ_PRODUCT_INFO (ID, ITEM_SOLD, RETAIL_PRICE, PACKAGING, IS_DISCONTINUED, SUPPLIER_ID) VALUES ('46','Chai',18.00,'10 boxes x 20 bags','0','5');
INSERT INTO FP.CJZ_PRODUCT_INFO (ID, ITEM_SOLD, RETAIL_PRICE, PACKAGING, IS_DISCONTINUED, SUPPLIER_ID) VALUES ('47','Guaraná Fantástica',4.50,'12 - 355 ml cans','1','25');
INSERT INTO FP.CJZ_PRODUCT_INFO (ID, ITEM_SOLD, RETAIL_PRICE, PACKAGING, IS_DISCONTINUED, SUPPLIER_ID) VALUES ('48','Ikura',31.00,'12 - 200 ml jars','0','13');
INSERT INTO FP.CJZ_PRODUCT_INFO (ID, ITEM_SOLD, RETAIL_PRICE, PACKAGING, IS_DISCONTINUED, SUPPLIER_ID) VALUES ('49','Teatime Chocolate Biscuits',9.20,'10 boxes x 12 pieces','0','9');
INSERT INTO FP.CJZ_PRODUCT_INFO (ID, ITEM_SOLD, RETAIL_PRICE, PACKAGING, IS_DISCONTINUED, SUPPLIER_ID) VALUES ('50','Gorgonzola Telino',12.50,'12 - 100 g pkgs','0','23');
INSERT INTO FP.CJZ_PRODUCT_INFO (ID, ITEM_SOLD, RETAIL_PRICE, PACKAGING, IS_DISCONTINUED, SUPPLIER_ID) VALUES ('51','Perth Pasties',32.80,'48 pieces','1','17');
INSERT INTO FP.CJZ_PRODUCT_INFO (ID, ITEM_SOLD, RETAIL_PRICE, PACKAGING, IS_DISCONTINUED, SUPPLIER_ID) VALUES ('52','Laughing Lumberjack Lager',14.00,'24 - 12 oz bottles','0','8');
INSERT INTO FP.CJZ_PRODUCT_INFO (ID, ITEM_SOLD, RETAIL_PRICE, PACKAGING, IS_DISCONTINUED, SUPPLIER_ID) VALUES ('53','Mozzarella di Giovanni',34.80,'24 - 200 g pkgs.','0','23');
INSERT INTO FP.CJZ_PRODUCT_INFO (ID, ITEM_SOLD, RETAIL_PRICE, PACKAGING, IS_DISCONTINUED, SUPPLIER_ID) VALUES ('54','Geitost',2.50,'500 g','0','7');
INSERT INTO FP.CJZ_PRODUCT_INFO (ID, ITEM_SOLD, RETAIL_PRICE, PACKAGING, IS_DISCONTINUED, SUPPLIER_ID) VALUES ('55','Aniseed Syrup',10.00,'12 - 550 ml bottles','0','5');
INSERT INTO FP.CJZ_PRODUCT_INFO (ID, ITEM_SOLD, RETAIL_PRICE, PACKAGING, IS_DISCONTINUED, SUPPLIER_ID) VALUES ('56','Queso Manchego La Pastora',38.00,'10 - 500 g pkgs.','0','24');
INSERT INTO FP.CJZ_PRODUCT_INFO (ID, ITEM_SOLD, RETAIL_PRICE, PACKAGING, IS_DISCONTINUED, SUPPLIER_ID) VALUES ('57','Pavlova',17.45,'32 - 500 g boxes','0','10');
INSERT INTO FP.CJZ_PRODUCT_INFO (ID, ITEM_SOLD, RETAIL_PRICE, PACKAGING, IS_DISCONTINUED, SUPPLIER_ID) VALUES ('58','Chef Antons Gumbo Mix',21.35,'36 boxes','1','1');
INSERT INTO FP.CJZ_PRODUCT_INFO (ID, ITEM_SOLD, RETAIL_PRICE, PACKAGING, IS_DISCONTINUED, SUPPLIER_ID) VALUES ('59','Raclette Courdavault',55.00,'5 kg pkg.','0','19');
INSERT INTO FP.CJZ_PRODUCT_INFO (ID, ITEM_SOLD, RETAIL_PRICE, PACKAGING, IS_DISCONTINUED, SUPPLIER_ID) VALUES ('60','Escargots de Bourgogne',13.25,'24 pieces','0','26');
INSERT INTO FP.CJZ_PRODUCT_INFO (ID, ITEM_SOLD, RETAIL_PRICE, PACKAGING, IS_DISCONTINUED, SUPPLIER_ID) VALUES ('61','Nord-Ost Matjeshering',25.89,'10 - 200 g glasses','0','27');
INSERT INTO FP.CJZ_PRODUCT_INFO (ID, ITEM_SOLD, RETAIL_PRICE, PACKAGING, IS_DISCONTINUED, SUPPLIER_ID) VALUES ('62','Gustafs Knäckebröd',21.00,'24 - 500 g pkgs.','0','28');
INSERT INTO FP.CJZ_PRODUCT_INFO (ID, ITEM_SOLD, RETAIL_PRICE, PACKAGING, IS_DISCONTINUED, SUPPLIER_ID) VALUES ('63','Jacks New England Clam Chowder',9.65,'12 - 12 oz cans','0','21');
INSERT INTO FP.CJZ_PRODUCT_INFO (ID, ITEM_SOLD, RETAIL_PRICE, PACKAGING, IS_DISCONTINUED, SUPPLIER_ID) VALUES ('64','Konbu',6.00,'2 kg box','0','12');
INSERT INTO FP.CJZ_PRODUCT_INFO (ID, ITEM_SOLD, RETAIL_PRICE, PACKAGING, IS_DISCONTINUED, SUPPLIER_ID) VALUES ('65','Gula Malacca',19.45,'20 - 2 kg bags','0','4');
INSERT INTO FP.CJZ_PRODUCT_INFO (ID, ITEM_SOLD, RETAIL_PRICE, PACKAGING, IS_DISCONTINUED, SUPPLIER_ID) VALUES ('66','Lakkalikööri',18.00,'500 ml','0','16');
INSERT INTO FP.CJZ_PRODUCT_INFO (ID, ITEM_SOLD, RETAIL_PRICE, PACKAGING, IS_DISCONTINUED, SUPPLIER_ID) VALUES ('67','Steeleye Stout',18.00,'24 - 12 oz bottles','0','8');
INSERT INTO FP.CJZ_PRODUCT_INFO (ID, ITEM_SOLD, RETAIL_PRICE, PACKAGING, IS_DISCONTINUED, SUPPLIER_ID) VALUES ('68','Côte de Blaye',263.50,'12 - 75 cl bottles','0','22');
-- To check:
--SELECT * FROM FP.CJZ_PRODUCT_INFO;

INSERT INTO FP.CJZ_ORDER_LINE_ITEMS (ID, QTY, SALE_PRICE, ORDER_NUMBER, PRODUCT_ID) VALUES ('1','12',14.00,'542378','1');
INSERT INTO FP.CJZ_ORDER_LINE_ITEMS (ID, QTY, SALE_PRICE, ORDER_NUMBER, PRODUCT_ID) VALUES ('2','10',9.80,'542378','2');
INSERT INTO FP.CJZ_ORDER_LINE_ITEMS (ID, QTY, SALE_PRICE, ORDER_NUMBER, PRODUCT_ID) VALUES ('3','5',34.80,'542378','3');
INSERT INTO FP.CJZ_ORDER_LINE_ITEMS (ID, QTY, SALE_PRICE, ORDER_NUMBER, PRODUCT_ID) VALUES ('4','9',18.60,'542379','4');
INSERT INTO FP.CJZ_ORDER_LINE_ITEMS (ID, QTY, SALE_PRICE, ORDER_NUMBER, PRODUCT_ID) VALUES ('5','40',42.40,'542379','5');
INSERT INTO FP.CJZ_ORDER_LINE_ITEMS (ID, QTY, SALE_PRICE, ORDER_NUMBER, PRODUCT_ID) VALUES ('6','10',7.70,'542380','6');
INSERT INTO FP.CJZ_ORDER_LINE_ITEMS (ID, QTY, SALE_PRICE, ORDER_NUMBER, PRODUCT_ID) VALUES ('7','35',42.40,'542380','5');
INSERT INTO FP.CJZ_ORDER_LINE_ITEMS (ID, QTY, SALE_PRICE, ORDER_NUMBER, PRODUCT_ID) VALUES ('8','15',16.80,'542380','7');
INSERT INTO FP.CJZ_ORDER_LINE_ITEMS (ID, QTY, SALE_PRICE, ORDER_NUMBER, PRODUCT_ID) VALUES ('9','6',16.80,'542381','8');
INSERT INTO FP.CJZ_ORDER_LINE_ITEMS (ID, QTY, SALE_PRICE, ORDER_NUMBER, PRODUCT_ID) VALUES ('10','15',15.60,'542381','9');
INSERT INTO FP.CJZ_ORDER_LINE_ITEMS (ID, QTY, SALE_PRICE, ORDER_NUMBER, PRODUCT_ID) VALUES ('11','20',16.80,'542381','7');
INSERT INTO FP.CJZ_ORDER_LINE_ITEMS (ID, QTY, SALE_PRICE, ORDER_NUMBER, PRODUCT_ID) VALUES ('12','40',64.80,'542382','10');
INSERT INTO FP.CJZ_ORDER_LINE_ITEMS (ID, QTY, SALE_PRICE, ORDER_NUMBER, PRODUCT_ID) VALUES ('13','25',2.00,'542382','11');
INSERT INTO FP.CJZ_ORDER_LINE_ITEMS (ID, QTY, SALE_PRICE, ORDER_NUMBER, PRODUCT_ID) VALUES ('14','40',27.20,'542382','12');
INSERT INTO FP.CJZ_ORDER_LINE_ITEMS (ID, QTY, SALE_PRICE, ORDER_NUMBER, PRODUCT_ID) VALUES ('15','20',10.00,'542383','13');
INSERT INTO FP.CJZ_ORDER_LINE_ITEMS (ID, QTY, SALE_PRICE, ORDER_NUMBER, PRODUCT_ID) VALUES ('16','42',14.40,'542383','14');
INSERT INTO FP.CJZ_ORDER_LINE_ITEMS (ID, QTY, SALE_PRICE, ORDER_NUMBER, PRODUCT_ID) VALUES ('17','40',16.00,'542383','15');
INSERT INTO FP.CJZ_ORDER_LINE_ITEMS (ID, QTY, SALE_PRICE, ORDER_NUMBER, PRODUCT_ID) VALUES ('18','15',3.60,'542384','16');
INSERT INTO FP.CJZ_ORDER_LINE_ITEMS (ID, QTY, SALE_PRICE, ORDER_NUMBER, PRODUCT_ID) VALUES ('19','21',19.20,'542384','17');
INSERT INTO FP.CJZ_ORDER_LINE_ITEMS (ID, QTY, SALE_PRICE, ORDER_NUMBER, PRODUCT_ID) VALUES ('20','21',8.00,'542384','18');
INSERT INTO FP.CJZ_ORDER_LINE_ITEMS (ID, QTY, SALE_PRICE, ORDER_NUMBER, PRODUCT_ID) VALUES ('21','20',15.20,'542385','19');
INSERT INTO FP.CJZ_ORDER_LINE_ITEMS (ID, QTY, SALE_PRICE, ORDER_NUMBER, PRODUCT_ID) VALUES ('22','35',13.90,'542385','20');
INSERT INTO FP.CJZ_ORDER_LINE_ITEMS (ID, QTY, SALE_PRICE, ORDER_NUMBER, PRODUCT_ID) VALUES ('23','25',15.20,'542385','21');
INSERT INTO FP.CJZ_ORDER_LINE_ITEMS (ID, QTY, SALE_PRICE, ORDER_NUMBER, PRODUCT_ID) VALUES ('24','30',44.00,'542385','22');
INSERT INTO FP.CJZ_ORDER_LINE_ITEMS (ID, QTY, SALE_PRICE, ORDER_NUMBER, PRODUCT_ID) VALUES ('25','15',26.20,'542386','23');
INSERT INTO FP.CJZ_ORDER_LINE_ITEMS (ID, QTY, SALE_PRICE, ORDER_NUMBER, PRODUCT_ID) VALUES ('26','12',10.40,'542386','24');
INSERT INTO FP.CJZ_ORDER_LINE_ITEMS (ID, QTY, SALE_PRICE, ORDER_NUMBER, PRODUCT_ID) VALUES ('27','25',35.10,'542387','25');
INSERT INTO FP.CJZ_ORDER_LINE_ITEMS (ID, QTY, SALE_PRICE, ORDER_NUMBER, PRODUCT_ID) VALUES ('28','6',14.40,'542387','14');
INSERT INTO FP.CJZ_ORDER_LINE_ITEMS (ID, QTY, SALE_PRICE, ORDER_NUMBER, PRODUCT_ID) VALUES ('29','15',10.40,'542387','24');
INSERT INTO FP.CJZ_ORDER_LINE_ITEMS (ID, QTY, SALE_PRICE, ORDER_NUMBER, PRODUCT_ID) VALUES ('30','50',15.20,'542388','19');
INSERT INTO FP.CJZ_ORDER_LINE_ITEMS (ID, QTY, SALE_PRICE, ORDER_NUMBER, PRODUCT_ID) VALUES ('31','65',17.00,'542388','26');
INSERT INTO FP.CJZ_ORDER_LINE_ITEMS (ID, QTY, SALE_PRICE, ORDER_NUMBER, PRODUCT_ID) VALUES ('32','6',25.60,'542388','27');
INSERT INTO FP.CJZ_ORDER_LINE_ITEMS (ID, QTY, SALE_PRICE, ORDER_NUMBER, PRODUCT_ID) VALUES ('33','10',8.00,'542389','28');
INSERT INTO FP.CJZ_ORDER_LINE_ITEMS (ID, QTY, SALE_PRICE, ORDER_NUMBER, PRODUCT_ID) VALUES ('34','1',20.80,'542389','29');
INSERT INTO FP.CJZ_ORDER_LINE_ITEMS (ID, QTY, SALE_PRICE, ORDER_NUMBER, PRODUCT_ID) VALUES ('35','16',7.70,'542390','6');
INSERT INTO FP.CJZ_ORDER_LINE_ITEMS (ID, QTY, SALE_PRICE, ORDER_NUMBER, PRODUCT_ID) VALUES ('36','50',15.60,'542390','9');
INSERT INTO FP.CJZ_ORDER_LINE_ITEMS (ID, QTY, SALE_PRICE, ORDER_NUMBER, PRODUCT_ID) VALUES ('37','15',39.40,'542390','30');
INSERT INTO FP.CJZ_ORDER_LINE_ITEMS (ID, QTY, SALE_PRICE, ORDER_NUMBER, PRODUCT_ID) VALUES ('38','21',12.00,'542390','31');
INSERT INTO FP.CJZ_ORDER_LINE_ITEMS (ID, QTY, SALE_PRICE, ORDER_NUMBER, PRODUCT_ID) VALUES ('39','20',8.00,'542391','28');
INSERT INTO FP.CJZ_ORDER_LINE_ITEMS (ID, QTY, SALE_PRICE, ORDER_NUMBER, PRODUCT_ID) VALUES ('40','20',14.40,'542391','32');
INSERT INTO FP.CJZ_ORDER_LINE_ITEMS (ID, QTY, SALE_PRICE, ORDER_NUMBER, PRODUCT_ID) VALUES ('41','12',17.00,'542392','26');
INSERT INTO FP.CJZ_ORDER_LINE_ITEMS (ID, QTY, SALE_PRICE, ORDER_NUMBER, PRODUCT_ID) VALUES ('42','15',24.00,'542392','33');
INSERT INTO FP.CJZ_ORDER_LINE_ITEMS (ID, QTY, SALE_PRICE, ORDER_NUMBER, PRODUCT_ID) VALUES ('43','2',30.40,'542392','34');
INSERT INTO FP.CJZ_ORDER_LINE_ITEMS (ID, QTY, SALE_PRICE, ORDER_NUMBER, PRODUCT_ID) VALUES ('44','60',13.90,'542393','20');
INSERT INTO FP.CJZ_ORDER_LINE_ITEMS (ID, QTY, SALE_PRICE, ORDER_NUMBER, PRODUCT_ID) VALUES ('45','28',3.60,'542393','16');
INSERT INTO FP.CJZ_ORDER_LINE_ITEMS (ID, QTY, SALE_PRICE, ORDER_NUMBER, PRODUCT_ID) VALUES ('46','60',20.70,'542393','35');
INSERT INTO FP.CJZ_ORDER_LINE_ITEMS (ID, QTY, SALE_PRICE, ORDER_NUMBER, PRODUCT_ID) VALUES ('47','36',8.00,'542393','18');
INSERT INTO FP.CJZ_ORDER_LINE_ITEMS (ID, QTY, SALE_PRICE, ORDER_NUMBER, PRODUCT_ID) VALUES ('48','35',15.20,'542394','19');
INSERT INTO FP.CJZ_ORDER_LINE_ITEMS (ID, QTY, SALE_PRICE, ORDER_NUMBER, PRODUCT_ID) VALUES ('49','25',7.70,'542394','6');
INSERT INTO FP.CJZ_ORDER_LINE_ITEMS (ID, QTY, SALE_PRICE, ORDER_NUMBER, PRODUCT_ID) VALUES ('50','30',31.20,'542395','36');
INSERT INTO FP.CJZ_ORDER_LINE_ITEMS (ID, QTY, SALE_PRICE, ORDER_NUMBER, PRODUCT_ID) VALUES ('51','20',12.00,'542395','31');
INSERT INTO FP.CJZ_ORDER_LINE_ITEMS (ID, QTY, SALE_PRICE, ORDER_NUMBER, PRODUCT_ID) VALUES ('52','12',30.40,'542396','37');
INSERT INTO FP.CJZ_ORDER_LINE_ITEMS (ID, QTY, SALE_PRICE, ORDER_NUMBER, PRODUCT_ID) VALUES ('53','50',14.70,'542397','38');
INSERT INTO FP.CJZ_ORDER_LINE_ITEMS (ID, QTY, SALE_PRICE, ORDER_NUMBER, PRODUCT_ID) VALUES ('54','70',44.00,'542397','22');
INSERT INTO FP.CJZ_ORDER_LINE_ITEMS (ID, QTY, SALE_PRICE, ORDER_NUMBER, PRODUCT_ID) VALUES ('55','15',14.40,'542397','39');
INSERT INTO FP.CJZ_ORDER_LINE_ITEMS (ID, QTY, SALE_PRICE, ORDER_NUMBER, PRODUCT_ID) VALUES ('56','10',99.00,'542398','40');
INSERT INTO FP.CJZ_ORDER_LINE_ITEMS (ID, QTY, SALE_PRICE, ORDER_NUMBER, PRODUCT_ID) VALUES ('57','4',27.80,'542398','3');
INSERT INTO FP.CJZ_ORDER_LINE_ITEMS (ID, QTY, SALE_PRICE, ORDER_NUMBER, PRODUCT_ID) VALUES ('58','60',2.00,'542399','11');
INSERT INTO FP.CJZ_ORDER_LINE_ITEMS (ID, QTY, SALE_PRICE, ORDER_NUMBER, PRODUCT_ID) VALUES ('59','20',27.80,'542399','3');
INSERT INTO FP.CJZ_ORDER_LINE_ITEMS (ID, QTY, SALE_PRICE, ORDER_NUMBER, PRODUCT_ID) VALUES ('60','30',15.20,'542400','21');
INSERT INTO FP.CJZ_ORDER_LINE_ITEMS (ID, QTY, SALE_PRICE, ORDER_NUMBER, PRODUCT_ID) VALUES ('61','25',36.80,'542400','41');
INSERT INTO FP.CJZ_ORDER_LINE_ITEMS (ID, QTY, SALE_PRICE, ORDER_NUMBER, PRODUCT_ID) VALUES ('62','24',2.00,'542401','11');
INSERT INTO FP.CJZ_ORDER_LINE_ITEMS (ID, QTY, SALE_PRICE, ORDER_NUMBER, PRODUCT_ID) VALUES ('63','6',64.80,'542402','10');
INSERT INTO FP.CJZ_ORDER_LINE_ITEMS (ID, QTY, SALE_PRICE, ORDER_NUMBER, PRODUCT_ID) VALUES ('64','40',10.00,'542402','13');
INSERT INTO FP.CJZ_ORDER_LINE_ITEMS (ID, QTY, SALE_PRICE, ORDER_NUMBER, PRODUCT_ID) VALUES ('65','24',27.80,'542402','3');
INSERT INTO FP.CJZ_ORDER_LINE_ITEMS (ID, QTY, SALE_PRICE, ORDER_NUMBER, PRODUCT_ID) VALUES ('66','24',24.80,'542403','42');
INSERT INTO FP.CJZ_ORDER_LINE_ITEMS (ID, QTY, SALE_PRICE, ORDER_NUMBER, PRODUCT_ID) VALUES ('67','15',10.00,'542403','13');
INSERT INTO FP.CJZ_ORDER_LINE_ITEMS (ID, QTY, SALE_PRICE, ORDER_NUMBER, PRODUCT_ID) VALUES ('68','20',2.00,'542403','11');
INSERT INTO FP.CJZ_ORDER_LINE_ITEMS (ID, QTY, SALE_PRICE, ORDER_NUMBER, PRODUCT_ID) VALUES ('69','60',14.70,'542403','38');
INSERT INTO FP.CJZ_ORDER_LINE_ITEMS (ID, QTY, SALE_PRICE, ORDER_NUMBER, PRODUCT_ID) VALUES ('70','33',14.40,'542403','39');
INSERT INTO FP.CJZ_ORDER_LINE_ITEMS (ID, QTY, SALE_PRICE, ORDER_NUMBER, PRODUCT_ID) VALUES ('71','20',17.20,'542404','43');
INSERT INTO FP.CJZ_ORDER_LINE_ITEMS (ID, QTY, SALE_PRICE, ORDER_NUMBER, PRODUCT_ID) VALUES ('72','7',27.80,'542404','3');
INSERT INTO FP.CJZ_ORDER_LINE_ITEMS (ID, QTY, SALE_PRICE, ORDER_NUMBER, PRODUCT_ID) VALUES ('73','12',3.60,'542405','16');
INSERT INTO FP.CJZ_ORDER_LINE_ITEMS (ID, QTY, SALE_PRICE, ORDER_NUMBER, PRODUCT_ID) VALUES ('74','6',44.00,'542405','22');
INSERT INTO FP.CJZ_ORDER_LINE_ITEMS (ID, QTY, SALE_PRICE, ORDER_NUMBER, PRODUCT_ID) VALUES ('75','15',24.80,'542406','42');
INSERT INTO FP.CJZ_ORDER_LINE_ITEMS (ID, QTY, SALE_PRICE, ORDER_NUMBER, PRODUCT_ID) VALUES ('76','10',4.80,'542406','44');
INSERT INTO FP.CJZ_ORDER_LINE_ITEMS (ID, QTY, SALE_PRICE, ORDER_NUMBER, PRODUCT_ID) VALUES ('77','20',36.40,'542407','45');
INSERT INTO FP.CJZ_ORDER_LINE_ITEMS (ID, QTY, SALE_PRICE, ORDER_NUMBER, PRODUCT_ID) VALUES ('78','12',39.40,'542407','30');
INSERT INTO FP.CJZ_ORDER_LINE_ITEMS (ID, QTY, SALE_PRICE, ORDER_NUMBER, PRODUCT_ID) VALUES ('79','16',15.50,'542408','46');
INSERT INTO FP.CJZ_ORDER_LINE_ITEMS (ID, QTY, SALE_PRICE, ORDER_NUMBER, PRODUCT_ID) VALUES ('80','15',44.00,'542408','22');
INSERT INTO FP.CJZ_ORDER_LINE_ITEMS (ID, QTY, SALE_PRICE, ORDER_NUMBER, PRODUCT_ID) VALUES ('81','8',35.10,'542408','47');
INSERT INTO FP.CJZ_ORDER_LINE_ITEMS (ID, QTY, SALE_PRICE, ORDER_NUMBER, PRODUCT_ID) VALUES ('82','25',12.00,'542408','48');
INSERT INTO FP.CJZ_ORDER_LINE_ITEMS (ID, QTY, SALE_PRICE, ORDER_NUMBER, PRODUCT_ID) VALUES ('83','15',31.20,'542409','36');
INSERT INTO FP.CJZ_ORDER_LINE_ITEMS (ID, QTY, SALE_PRICE, ORDER_NUMBER, PRODUCT_ID) VALUES ('84','12',3.60,'542410','16');
INSERT INTO FP.CJZ_ORDER_LINE_ITEMS (ID, QTY, SALE_PRICE, ORDER_NUMBER, PRODUCT_ID) VALUES ('85','20',19.20,'542410','17');
INSERT INTO FP.CJZ_ORDER_LINE_ITEMS (ID, QTY, SALE_PRICE, ORDER_NUMBER, PRODUCT_ID) VALUES ('86','30',6.20,'542410','49');
INSERT INTO FP.CJZ_ORDER_LINE_ITEMS (ID, QTY, SALE_PRICE, ORDER_NUMBER, PRODUCT_ID) VALUES ('87','1',7.30,'542411','50');
INSERT INTO FP.CJZ_ORDER_LINE_ITEMS (ID, QTY, SALE_PRICE, ORDER_NUMBER, PRODUCT_ID) VALUES ('88','6',3.60,'542411','16');
INSERT INTO FP.CJZ_ORDER_LINE_ITEMS (ID, QTY, SALE_PRICE, ORDER_NUMBER, PRODUCT_ID) VALUES ('89','4',14.40,'542411','32');
INSERT INTO FP.CJZ_ORDER_LINE_ITEMS (ID, QTY, SALE_PRICE, ORDER_NUMBER, PRODUCT_ID) VALUES ('90','6',20.70,'542412','35');
INSERT INTO FP.CJZ_ORDER_LINE_ITEMS (ID, QTY, SALE_PRICE, ORDER_NUMBER, PRODUCT_ID) VALUES ('91','2',15.60,'542412','9');
INSERT INTO FP.CJZ_ORDER_LINE_ITEMS (ID, QTY, SALE_PRICE, ORDER_NUMBER, PRODUCT_ID) VALUES ('92','20',12.40,'542413','51');
INSERT INTO FP.CJZ_ORDER_LINE_ITEMS (ID, QTY, SALE_PRICE, ORDER_NUMBER, PRODUCT_ID) VALUES ('93','18',7.30,'542413','50');
INSERT INTO FP.CJZ_ORDER_LINE_ITEMS (ID, QTY, SALE_PRICE, ORDER_NUMBER, PRODUCT_ID) VALUES ('94','35',27.20,'542413','12');
INSERT INTO FP.CJZ_ORDER_LINE_ITEMS (ID, QTY, SALE_PRICE, ORDER_NUMBER, PRODUCT_ID) VALUES ('95','3',27.80,'542413','3');
INSERT INTO FP.CJZ_ORDER_LINE_ITEMS (ID, QTY, SALE_PRICE, ORDER_NUMBER, PRODUCT_ID) VALUES ('96','15',35.10,'542414','25');
INSERT INTO FP.CJZ_ORDER_LINE_ITEMS (ID, QTY, SALE_PRICE, ORDER_NUMBER, PRODUCT_ID) VALUES ('97','21',15.50,'542414','46');
INSERT INTO FP.CJZ_ORDER_LINE_ITEMS (ID, QTY, SALE_PRICE, ORDER_NUMBER, PRODUCT_ID) VALUES ('98','20',27.20,'542414','12');
INSERT INTO FP.CJZ_ORDER_LINE_ITEMS (ID, QTY, SALE_PRICE, ORDER_NUMBER, PRODUCT_ID) VALUES ('99','5',11.20,'542414','52');
INSERT INTO FP.CJZ_ORDER_LINE_ITEMS (ID, QTY, SALE_PRICE, ORDER_NUMBER, PRODUCT_ID) VALUES ('100','45',14.40,'542415','53');
INSERT INTO FP.CJZ_ORDER_LINE_ITEMS (ID, QTY, SALE_PRICE, ORDER_NUMBER, PRODUCT_ID) VALUES ('101','40',14.70,'542415','38');
INSERT INTO FP.CJZ_ORDER_LINE_ITEMS (ID, QTY, SALE_PRICE, ORDER_NUMBER, PRODUCT_ID) VALUES ('102','36',26.20,'542415','23');
INSERT INTO FP.CJZ_ORDER_LINE_ITEMS (ID, QTY, SALE_PRICE, ORDER_NUMBER, PRODUCT_ID) VALUES ('103','100',14.40,'542416','32');
INSERT INTO FP.CJZ_ORDER_LINE_ITEMS (ID, QTY, SALE_PRICE, ORDER_NUMBER, PRODUCT_ID) VALUES ('104','40',39.40,'542416','30');
INSERT INTO FP.CJZ_ORDER_LINE_ITEMS (ID, QTY, SALE_PRICE, ORDER_NUMBER, PRODUCT_ID) VALUES ('105','40',13.90,'542417','20');
INSERT INTO FP.CJZ_ORDER_LINE_ITEMS (ID, QTY, SALE_PRICE, ORDER_NUMBER, PRODUCT_ID) VALUES ('106','20',11.20,'542417','54');
INSERT INTO FP.CJZ_ORDER_LINE_ITEMS (ID, QTY, SALE_PRICE, ORDER_NUMBER, PRODUCT_ID) VALUES ('107','15',9.60,'542417','55');
INSERT INTO FP.CJZ_ORDER_LINE_ITEMS (ID, QTY, SALE_PRICE, ORDER_NUMBER, PRODUCT_ID) VALUES ('108','10',5.90,'542418','56');
INSERT INTO FP.CJZ_ORDER_LINE_ITEMS (ID, QTY, SALE_PRICE, ORDER_NUMBER, PRODUCT_ID) VALUES ('109','3',10.00,'542418','57');
INSERT INTO FP.CJZ_ORDER_LINE_ITEMS (ID, QTY, SALE_PRICE, ORDER_NUMBER, PRODUCT_ID) VALUES ('110','30',8.00,'542419','58');
INSERT INTO FP.CJZ_ORDER_LINE_ITEMS (ID, QTY, SALE_PRICE, ORDER_NUMBER, PRODUCT_ID) VALUES ('111','9',26.60,'542419','59');
INSERT INTO FP.CJZ_ORDER_LINE_ITEMS (ID, QTY, SALE_PRICE, ORDER_NUMBER, PRODUCT_ID) VALUES ('112','20',17.00,'542420','26');
INSERT INTO FP.CJZ_ORDER_LINE_ITEMS (ID, QTY, SALE_PRICE, ORDER_NUMBER, PRODUCT_ID) VALUES ('113','15',99.00,'542420','40');
INSERT INTO FP.CJZ_ORDER_LINE_ITEMS (ID, QTY, SALE_PRICE, ORDER_NUMBER, PRODUCT_ID) VALUES ('114','15',16.00,'542420','15');
INSERT INTO FP.CJZ_ORDER_LINE_ITEMS (ID, QTY, SALE_PRICE, ORDER_NUMBER, PRODUCT_ID) VALUES ('115','10',10.40,'542420','24');
INSERT INTO FP.CJZ_ORDER_LINE_ITEMS (ID, QTY, SALE_PRICE, ORDER_NUMBER, PRODUCT_ID) VALUES ('116','20',4.80,'542421','44');
INSERT INTO FP.CJZ_ORDER_LINE_ITEMS (ID, QTY, SALE_PRICE, ORDER_NUMBER, PRODUCT_ID) VALUES ('117','24',15.50,'542421','46');
INSERT INTO FP.CJZ_ORDER_LINE_ITEMS (ID, QTY, SALE_PRICE, ORDER_NUMBER, PRODUCT_ID) VALUES ('118','2',42.40,'542421','5');
INSERT INTO FP.CJZ_ORDER_LINE_ITEMS (ID, QTY, SALE_PRICE, ORDER_NUMBER, PRODUCT_ID) VALUES ('119','20',64.80,'542422','10');
INSERT INTO FP.CJZ_ORDER_LINE_ITEMS (ID, QTY, SALE_PRICE, ORDER_NUMBER, PRODUCT_ID) VALUES ('120','12',50.00,'542423','60');
INSERT INTO FP.CJZ_ORDER_LINE_ITEMS (ID, QTY, SALE_PRICE, ORDER_NUMBER, PRODUCT_ID) VALUES ('121','10',3.60,'542423','16');
INSERT INTO FP.CJZ_ORDER_LINE_ITEMS (ID, QTY, SALE_PRICE, ORDER_NUMBER, PRODUCT_ID) VALUES ('122','5',35.10,'542423','47');
INSERT INTO FP.CJZ_ORDER_LINE_ITEMS (ID, QTY, SALE_PRICE, ORDER_NUMBER, PRODUCT_ID) VALUES ('123','6',6.20,'542423','49');
INSERT INTO FP.CJZ_ORDER_LINE_ITEMS (ID, QTY, SALE_PRICE, ORDER_NUMBER, PRODUCT_ID) VALUES ('124','18',14.40,'542424','53');
INSERT INTO FP.CJZ_ORDER_LINE_ITEMS (ID, QTY, SALE_PRICE, ORDER_NUMBER, PRODUCT_ID) VALUES ('125','15',31.20,'542424','36');
INSERT INTO FP.CJZ_ORDER_LINE_ITEMS (ID, QTY, SALE_PRICE, ORDER_NUMBER, PRODUCT_ID) VALUES ('126','15',36.80,'542424','41');
INSERT INTO FP.CJZ_ORDER_LINE_ITEMS (ID, QTY, SALE_PRICE, ORDER_NUMBER, PRODUCT_ID) VALUES ('127','21',27.20,'542424','12');
INSERT INTO FP.CJZ_ORDER_LINE_ITEMS (ID, QTY, SALE_PRICE, ORDER_NUMBER, PRODUCT_ID) VALUES ('128','6',6.20,'542424','49');
INSERT INTO FP.CJZ_ORDER_LINE_ITEMS (ID, QTY, SALE_PRICE, ORDER_NUMBER, PRODUCT_ID) VALUES ('129','4',30.40,'542425','34');
INSERT INTO FP.CJZ_ORDER_LINE_ITEMS (ID, QTY, SALE_PRICE, ORDER_NUMBER, PRODUCT_ID) VALUES ('130','12',16.80,'542426','1');
INSERT INTO FP.CJZ_ORDER_LINE_ITEMS (ID, QTY, SALE_PRICE, ORDER_NUMBER, PRODUCT_ID) VALUES ('131','30',13.90,'542426','20');
INSERT INTO FP.CJZ_ORDER_LINE_ITEMS (ID, QTY, SALE_PRICE, ORDER_NUMBER, PRODUCT_ID) VALUES ('132','15',28.80,'542426','61');
INSERT INTO FP.CJZ_ORDER_LINE_ITEMS (ID, QTY, SALE_PRICE, ORDER_NUMBER, PRODUCT_ID) VALUES ('133','60',14.40,'542427','14');
INSERT INTO FP.CJZ_ORDER_LINE_ITEMS (ID, QTY, SALE_PRICE, ORDER_NUMBER, PRODUCT_ID) VALUES ('134','20',27.80,'542427','3');
INSERT INTO FP.CJZ_ORDER_LINE_ITEMS (ID, QTY, SALE_PRICE, ORDER_NUMBER, PRODUCT_ID) VALUES ('135','40',15.20,'542428','19');
INSERT INTO FP.CJZ_ORDER_LINE_ITEMS (ID, QTY, SALE_PRICE, ORDER_NUMBER, PRODUCT_ID) VALUES ('136','40',15.20,'542428','21');
INSERT INTO FP.CJZ_ORDER_LINE_ITEMS (ID, QTY, SALE_PRICE, ORDER_NUMBER, PRODUCT_ID) VALUES ('137','30',44.00,'542428','22');
INSERT INTO FP.CJZ_ORDER_LINE_ITEMS (ID, QTY, SALE_PRICE, ORDER_NUMBER, PRODUCT_ID) VALUES ('138','15',39.40,'542428','30');
INSERT INTO FP.CJZ_ORDER_LINE_ITEMS (ID, QTY, SALE_PRICE, ORDER_NUMBER, PRODUCT_ID) VALUES ('139','15',7.30,'542429','50');
INSERT INTO FP.CJZ_ORDER_LINE_ITEMS (ID, QTY, SALE_PRICE, ORDER_NUMBER, PRODUCT_ID) VALUES ('140','20',12.00,'542429','31');
INSERT INTO FP.CJZ_ORDER_LINE_ITEMS (ID, QTY, SALE_PRICE, ORDER_NUMBER, PRODUCT_ID) VALUES ('141','30',13.60,'542430','62');
INSERT INTO FP.CJZ_ORDER_LINE_ITEMS (ID, QTY, SALE_PRICE, ORDER_NUMBER, PRODUCT_ID) VALUES ('142','20',10.00,'542430','57');
INSERT INTO FP.CJZ_ORDER_LINE_ITEMS (ID, QTY, SALE_PRICE, ORDER_NUMBER, PRODUCT_ID) VALUES ('143','10',14.70,'542431','38');
INSERT INTO FP.CJZ_ORDER_LINE_ITEMS (ID, QTY, SALE_PRICE, ORDER_NUMBER, PRODUCT_ID) VALUES ('144','20',30.40,'542431','34');
INSERT INTO FP.CJZ_ORDER_LINE_ITEMS (ID, QTY, SALE_PRICE, ORDER_NUMBER, PRODUCT_ID) VALUES ('145','40',31.20,'542432','36');
INSERT INTO FP.CJZ_ORDER_LINE_ITEMS (ID, QTY, SALE_PRICE, ORDER_NUMBER, PRODUCT_ID) VALUES ('146','28',36.40,'542432','45');
INSERT INTO FP.CJZ_ORDER_LINE_ITEMS (ID, QTY, SALE_PRICE, ORDER_NUMBER, PRODUCT_ID) VALUES ('147','12',36.80,'542432','41');
INSERT INTO FP.CJZ_ORDER_LINE_ITEMS (ID, QTY, SALE_PRICE, ORDER_NUMBER, PRODUCT_ID) VALUES ('148','40',14.70,'542433','38');
INSERT INTO FP.CJZ_ORDER_LINE_ITEMS (ID, QTY, SALE_PRICE, ORDER_NUMBER, PRODUCT_ID) VALUES ('149','30',16.80,'542433','7');
INSERT INTO FP.CJZ_ORDER_LINE_ITEMS (ID, QTY, SALE_PRICE, ORDER_NUMBER, PRODUCT_ID) VALUES ('150','15',10.00,'542433','57');
INSERT INTO FP.CJZ_ORDER_LINE_ITEMS (ID, QTY, SALE_PRICE, ORDER_NUMBER, PRODUCT_ID) VALUES ('151','30',16.00,'542434','15');
INSERT INTO FP.CJZ_ORDER_LINE_ITEMS (ID, QTY, SALE_PRICE, ORDER_NUMBER, PRODUCT_ID) VALUES ('152','10',44.00,'542434','22');
INSERT INTO FP.CJZ_ORDER_LINE_ITEMS (ID, QTY, SALE_PRICE, ORDER_NUMBER, PRODUCT_ID) VALUES ('153','2',17.20,'542434','43');
INSERT INTO FP.CJZ_ORDER_LINE_ITEMS (ID, QTY, SALE_PRICE, ORDER_NUMBER, PRODUCT_ID) VALUES ('154','25',50.00,'542435','60');
INSERT INTO FP.CJZ_ORDER_LINE_ITEMS (ID, QTY, SALE_PRICE, ORDER_NUMBER, PRODUCT_ID) VALUES ('155','25',99.00,'542435','40');
INSERT INTO FP.CJZ_ORDER_LINE_ITEMS (ID, QTY, SALE_PRICE, ORDER_NUMBER, PRODUCT_ID) VALUES ('156','30',14.40,'542435','14');
INSERT INTO FP.CJZ_ORDER_LINE_ITEMS (ID, QTY, SALE_PRICE, ORDER_NUMBER, PRODUCT_ID) VALUES ('157','10',20.70,'542436','35');
INSERT INTO FP.CJZ_ORDER_LINE_ITEMS (ID, QTY, SALE_PRICE, ORDER_NUMBER, PRODUCT_ID) VALUES ('158','10',26.20,'542436','23');
INSERT INTO FP.CJZ_ORDER_LINE_ITEMS (ID, QTY, SALE_PRICE, ORDER_NUMBER, PRODUCT_ID) VALUES ('159','5',5.90,'542436','56');
INSERT INTO FP.CJZ_ORDER_LINE_ITEMS (ID, QTY, SALE_PRICE, ORDER_NUMBER, PRODUCT_ID) VALUES ('160','10',39.40,'542437','30');
INSERT INTO FP.CJZ_ORDER_LINE_ITEMS (ID, QTY, SALE_PRICE, ORDER_NUMBER, PRODUCT_ID) VALUES ('161','3',10.00,'542437','57');
INSERT INTO FP.CJZ_ORDER_LINE_ITEMS (ID, QTY, SALE_PRICE, ORDER_NUMBER, PRODUCT_ID) VALUES ('162','1',28.80,'542438','61');
INSERT INTO FP.CJZ_ORDER_LINE_ITEMS (ID, QTY, SALE_PRICE, ORDER_NUMBER, PRODUCT_ID) VALUES ('163','5',12.00,'542438','31');
INSERT INTO FP.CJZ_ORDER_LINE_ITEMS (ID, QTY, SALE_PRICE, ORDER_NUMBER, PRODUCT_ID) VALUES ('164','20',17.60,'542439','63');
INSERT INTO FP.CJZ_ORDER_LINE_ITEMS (ID, QTY, SALE_PRICE, ORDER_NUMBER, PRODUCT_ID) VALUES ('165','30',20.00,'542439','64');
INSERT INTO FP.CJZ_ORDER_LINE_ITEMS (ID, QTY, SALE_PRICE, ORDER_NUMBER, PRODUCT_ID) VALUES ('166','2',11.20,'542439','2');
INSERT INTO FP.CJZ_ORDER_LINE_ITEMS (ID, QTY, SALE_PRICE, ORDER_NUMBER, PRODUCT_ID) VALUES ('167','20',36.80,'542439','41');
INSERT INTO FP.CJZ_ORDER_LINE_ITEMS (ID, QTY, SALE_PRICE, ORDER_NUMBER, PRODUCT_ID) VALUES ('168','3',17.20,'542439','43');
INSERT INTO FP.CJZ_ORDER_LINE_ITEMS (ID, QTY, SALE_PRICE, ORDER_NUMBER, PRODUCT_ID) VALUES ('169','10',13.90,'542440','20');
INSERT INTO FP.CJZ_ORDER_LINE_ITEMS (ID, QTY, SALE_PRICE, ORDER_NUMBER, PRODUCT_ID) VALUES ('170','5',39.40,'542440','30');
INSERT INTO FP.CJZ_ORDER_LINE_ITEMS (ID, QTY, SALE_PRICE, ORDER_NUMBER, PRODUCT_ID) VALUES ('171','6',11.20,'542441','2');
INSERT INTO FP.CJZ_ORDER_LINE_ITEMS (ID, QTY, SALE_PRICE, ORDER_NUMBER, PRODUCT_ID) VALUES ('172','7',28.80,'542441','61');
INSERT INTO FP.CJZ_ORDER_LINE_ITEMS (ID, QTY, SALE_PRICE, ORDER_NUMBER, PRODUCT_ID) VALUES ('173','4',36.40,'542442','45');
INSERT INTO FP.CJZ_ORDER_LINE_ITEMS (ID, QTY, SALE_PRICE, ORDER_NUMBER, PRODUCT_ID) VALUES ('174','24',36.80,'542442','41');
INSERT INTO FP.CJZ_ORDER_LINE_ITEMS (ID, QTY, SALE_PRICE, ORDER_NUMBER, PRODUCT_ID) VALUES ('175','20',26.20,'542442','23');
INSERT INTO FP.CJZ_ORDER_LINE_ITEMS (ID, QTY, SALE_PRICE, ORDER_NUMBER, PRODUCT_ID) VALUES ('176','10',6.20,'542442','49');
INSERT INTO FP.CJZ_ORDER_LINE_ITEMS (ID, QTY, SALE_PRICE, ORDER_NUMBER, PRODUCT_ID) VALUES ('177','12',15.20,'542443','21');
INSERT INTO FP.CJZ_ORDER_LINE_ITEMS (ID, QTY, SALE_PRICE, ORDER_NUMBER, PRODUCT_ID) VALUES ('178','40',25.60,'542444','27');
INSERT INTO FP.CJZ_ORDER_LINE_ITEMS (ID, QTY, SALE_PRICE, ORDER_NUMBER, PRODUCT_ID) VALUES ('179','30',10.60,'542444','65');
INSERT INTO FP.CJZ_ORDER_LINE_ITEMS (ID, QTY, SALE_PRICE, ORDER_NUMBER, PRODUCT_ID) VALUES ('180','25',39.40,'542444','30');
INSERT INTO FP.CJZ_ORDER_LINE_ITEMS (ID, QTY, SALE_PRICE, ORDER_NUMBER, PRODUCT_ID) VALUES ('181','14',11.20,'542445','54');
INSERT INTO FP.CJZ_ORDER_LINE_ITEMS (ID, QTY, SALE_PRICE, ORDER_NUMBER, PRODUCT_ID) VALUES ('182','30',12.00,'542445','31');
INSERT INTO FP.CJZ_ORDER_LINE_ITEMS (ID, QTY, SALE_PRICE, ORDER_NUMBER, PRODUCT_ID) VALUES ('183','10',7.70,'542446','6');
INSERT INTO FP.CJZ_ORDER_LINE_ITEMS (ID, QTY, SALE_PRICE, ORDER_NUMBER, PRODUCT_ID) VALUES ('184','70',39.40,'542446','30');
INSERT INTO FP.CJZ_ORDER_LINE_ITEMS (ID, QTY, SALE_PRICE, ORDER_NUMBER, PRODUCT_ID) VALUES ('185','20',14.40,'542447','53');
INSERT INTO FP.CJZ_ORDER_LINE_ITEMS (ID, QTY, SALE_PRICE, ORDER_NUMBER, PRODUCT_ID) VALUES ('186','20',7.70,'542448','6');
INSERT INTO FP.CJZ_ORDER_LINE_ITEMS (ID, QTY, SALE_PRICE, ORDER_NUMBER, PRODUCT_ID) VALUES ('187','6',14.40,'542448','39');
INSERT INTO FP.CJZ_ORDER_LINE_ITEMS (ID, QTY, SALE_PRICE, ORDER_NUMBER, PRODUCT_ID) VALUES ('188','8',31.20,'542449','36');
INSERT INTO FP.CJZ_ORDER_LINE_ITEMS (ID, QTY, SALE_PRICE, ORDER_NUMBER, PRODUCT_ID) VALUES ('189','14',36.40,'542449','45');
INSERT INTO FP.CJZ_ORDER_LINE_ITEMS (ID, QTY, SALE_PRICE, ORDER_NUMBER, PRODUCT_ID) VALUES ('190','30',14.40,'542449','39');
INSERT INTO FP.CJZ_ORDER_LINE_ITEMS (ID, QTY, SALE_PRICE, ORDER_NUMBER, PRODUCT_ID) VALUES ('191','30',17.20,'542450','43');
INSERT INTO FP.CJZ_ORDER_LINE_ITEMS (ID, QTY, SALE_PRICE, ORDER_NUMBER, PRODUCT_ID) VALUES ('192','10',14.40,'542451','32');
INSERT INTO FP.CJZ_ORDER_LINE_ITEMS (ID, QTY, SALE_PRICE, ORDER_NUMBER, PRODUCT_ID) VALUES ('193','20',5.60,'542452','66');
INSERT INTO FP.CJZ_ORDER_LINE_ITEMS (ID, QTY, SALE_PRICE, ORDER_NUMBER, PRODUCT_ID) VALUES ('194','5',12.40,'542453','51');
INSERT INTO FP.CJZ_ORDER_LINE_ITEMS (ID, QTY, SALE_PRICE, ORDER_NUMBER, PRODUCT_ID) VALUES ('195','4',11.20,'542453','67');
INSERT INTO FP.CJZ_ORDER_LINE_ITEMS (ID, QTY, SALE_PRICE, ORDER_NUMBER, PRODUCT_ID) VALUES ('196','4',14.40,'542453','14');
INSERT INTO FP.CJZ_ORDER_LINE_ITEMS (ID, QTY, SALE_PRICE, ORDER_NUMBER, PRODUCT_ID) VALUES ('197','21',13.90,'542454','20');
INSERT INTO FP.CJZ_ORDER_LINE_ITEMS (ID, QTY, SALE_PRICE, ORDER_NUMBER, PRODUCT_ID) VALUES ('198','70',14.40,'542454','32');
INSERT INTO FP.CJZ_ORDER_LINE_ITEMS (ID, QTY, SALE_PRICE, ORDER_NUMBER, PRODUCT_ID) VALUES ('199','30',9.60,'542454','55');
INSERT INTO FP.CJZ_ORDER_LINE_ITEMS (ID, QTY, SALE_PRICE, ORDER_NUMBER, PRODUCT_ID) VALUES ('200','40',44.00,'542454','22');
INSERT INTO FP.CJZ_ORDER_LINE_ITEMS (ID, QTY, SALE_PRICE, ORDER_NUMBER, PRODUCT_ID) VALUES ('201','80',35.10,'542454','47');
INSERT INTO FP.CJZ_ORDER_LINE_ITEMS (ID, QTY, SALE_PRICE, ORDER_NUMBER, PRODUCT_ID) VALUES ('202','6',20.00,'542455','64');
INSERT INTO FP.CJZ_ORDER_LINE_ITEMS (ID, QTY, SALE_PRICE, ORDER_NUMBER, PRODUCT_ID) VALUES ('203','12',4.80,'542455','44');
INSERT INTO FP.CJZ_ORDER_LINE_ITEMS (ID, QTY, SALE_PRICE, ORDER_NUMBER, PRODUCT_ID) VALUES ('204','9',18.60,'542455','4');
INSERT INTO FP.CJZ_ORDER_LINE_ITEMS (ID, QTY, SALE_PRICE, ORDER_NUMBER, PRODUCT_ID) VALUES ('205','4',10.00,'542455','13');
INSERT INTO FP.CJZ_ORDER_LINE_ITEMS (ID, QTY, SALE_PRICE, ORDER_NUMBER, PRODUCT_ID) VALUES ('206','40',27.80,'542455','3');
INSERT INTO FP.CJZ_ORDER_LINE_ITEMS (ID, QTY, SALE_PRICE, ORDER_NUMBER, PRODUCT_ID) VALUES ('207','24',17.60,'542456','63');
INSERT INTO FP.CJZ_ORDER_LINE_ITEMS (ID, QTY, SALE_PRICE, ORDER_NUMBER, PRODUCT_ID) VALUES ('208','16',15.60,'542456','9');
INSERT INTO FP.CJZ_ORDER_LINE_ITEMS (ID, QTY, SALE_PRICE, ORDER_NUMBER, PRODUCT_ID) VALUES ('209','50',6.20,'542456','49');
INSERT INTO FP.CJZ_ORDER_LINE_ITEMS (ID, QTY, SALE_PRICE, ORDER_NUMBER, PRODUCT_ID) VALUES ('210','25',15.20,'542457','19');
INSERT INTO FP.CJZ_ORDER_LINE_ITEMS (ID, QTY, SALE_PRICE, ORDER_NUMBER, PRODUCT_ID) VALUES ('211','50',16.80,'542457','1');
INSERT INTO FP.CJZ_ORDER_LINE_ITEMS (ID, QTY, SALE_PRICE, ORDER_NUMBER, PRODUCT_ID) VALUES ('212','35',20.70,'542457','35');
INSERT INTO FP.CJZ_ORDER_LINE_ITEMS (ID, QTY, SALE_PRICE, ORDER_NUMBER, PRODUCT_ID) VALUES ('213','30',10.60,'542457','65');
INSERT INTO FP.CJZ_ORDER_LINE_ITEMS (ID, QTY, SALE_PRICE, ORDER_NUMBER, PRODUCT_ID) VALUES ('214','9',44.00,'542458','22');
INSERT INTO FP.CJZ_ORDER_LINE_ITEMS (ID, QTY, SALE_PRICE, ORDER_NUMBER, PRODUCT_ID) VALUES ('215','40',16.80,'542458','7');
INSERT INTO FP.CJZ_ORDER_LINE_ITEMS (ID, QTY, SALE_PRICE, ORDER_NUMBER, PRODUCT_ID) VALUES ('216','10',10.00,'542458','57');
INSERT INTO FP.CJZ_ORDER_LINE_ITEMS (ID, QTY, SALE_PRICE, ORDER_NUMBER, PRODUCT_ID) VALUES ('217','10',7.30,'542459','50');
INSERT INTO FP.CJZ_ORDER_LINE_ITEMS (ID, QTY, SALE_PRICE, ORDER_NUMBER, PRODUCT_ID) VALUES ('218','8',20.70,'542459','35');
INSERT INTO FP.CJZ_ORDER_LINE_ITEMS (ID, QTY, SALE_PRICE, ORDER_NUMBER, PRODUCT_ID) VALUES ('219','20',210.80,'542459','68');
INSERT INTO FP.CJZ_ORDER_LINE_ITEMS (ID, QTY, SALE_PRICE, ORDER_NUMBER, PRODUCT_ID) VALUES ('220','12',30.40,'542459','34');
-- To check:
--SELECT * FROM FP.CJZ_ORDER_LINE_ITEMS;

/*
	Answers to the query questions
*/
SELECT *
FROM FP.CJZ_SUPPLIER_INFORMATION
WHERE FAX IS NULL
ORDER BY PHONE;

SELECT prod.ITEM_SOLD, prod.RETAIL_PRICE
FROM FP.CJZ_PRODUCT_INFO AS prod
JOIN FP.CJZ_SUPPLIER_INFORMATION AS sup ON prod.SUPPLIER_ID = sup.ID
WHERE sup.FAX IS NULL AND prod.RETAIL_PRICE > 40.00
ORDER BY prod.RETAIL_PRICE;

SELECT o.ORDER_NUMBER, c.FIRST_NAME, c.LAST_NAME, o.ORDER_DATE, prod.ITEM_SOLD, ol.QTY, ol.SALE_PRICE
FROM FP.CJZ_ORDERS AS o
JOIN FP.CJZ_CUSTOMERS AS c ON o.CUSTOMER_ID = c.ID
JOIN FP.CJZ_ORDER_LINE_ITEMS AS ol ON o.ORDER_NUMBER = ol.ORDER_NUMBER
JOIN FP.CJZ_PRODUCT_INFO AS prod ON ol.PRODUCT_ID = prod.ID
WHERE o.TOTAL_AMOUNT > 4000.00
ORDER BY ol.QTY;

SELECT c.FIRST_NAME, c.LAST_NAME, c.CITY, c.COUNTRY, c.POSTAL_CODE, o.ORDER_NUMBER, o.ORDER_DATE, o.TOTAL_AMOUNT, ol.QTY, ol.SALE_PRICE, prod.ITEM_SOLD, prod.RETAIL_PRICE, prod.PACKAGING, prod.IS_DISCONTINUED, sup.COMPANY_NAME, sup.CONTACT_NAME, sup.TITLE, sup.COMPANY_CITY, sup.COMPANY_COUNTRY, sup.PHONE, sup.FAX
FROM FP.CJZ_ORDERS AS o
JOIN FP.CJZ_CUSTOMERS AS c ON o.CUSTOMER_ID = c.ID
JOIN FP.CJZ_ORDER_LINE_ITEMS AS ol ON o.ORDER_NUMBER = ol.ORDER_NUMBER
JOIN FP.CJZ_PRODUCT_INFO AS prod ON ol.PRODUCT_ID = prod.ID
JOIN FP.CJZ_SUPPLIER_INFORMATION AS sup ON prod.SUPPLIER_ID = sup.ID
ORDER BY o.ORDER_NUMBER;

-- Extra credit question:
--SELECT c.FIRST_NAME, c.LAST_NAME, o.TOTAL_AMOUNT
--FROM FP.CJZ_ORDERS AS o
--JOIN FP.CJZ_CUSTOMERS AS c ON o.CUSTOMER_ID = c.ID
--WHERE c.COUNTRY = 'France'
--ORDER BY c.ID;
-- To see all their orders (this helps us to know which customers have a total amount spent for ALL of their orders that is greater than $1000. We can add the total amount for each person in our head, and in the next block of code [which is to be regarded as the answer for the EC question], see that total amount spent across all orders for each customer
-- Commented it out since it was to check

-- Actual EC code answer [the above code was just to check]:
SELECT c.FIRST_NAME, c.LAST_NAME, SUM(o.TOTAL_AMOUNT) AS TOTAL_SPENT_FOR_ORDERS
FROM FP.CJZ_ORDERS AS o
JOIN FP.CJZ_CUSTOMERS AS c ON o.CUSTOMER_ID = c.ID
WHERE c.COUNTRY = 'France'
GROUP BY c.ID, c.FIRST_NAME, c.LAST_NAME
HAVING SUM(o.TOTAL_AMOUNT) > 1000.00
ORDER BY c.ID;